"Kind","Agent_Id","Queue_Id","Thread_Id","Dispatch_Id","Kernel_Id","Kernel_Name","Correlation_Id","Start_Timestamp","End_Timestamp","Private_Segment_Size","Group_Segment_Size","Workgroup_Size_X","Workgroup_Size_Y","Workgroup_Size_Z","Grid_Size_X","Grid_Size_Y","Grid_Size_Z"
"KERNEL_DISPATCH",4,1,912435,1,26,"statevec_initZeroStateKernel",1,2470241721409252,2470241732469962,0,0,128,1,1,2147483648,1,1
"KERNEL_DISPATCH",4,1,912435,2,26,"statevec_initZeroStateKernel",2,2470241732469962,2470241743255151,0,0,128,1,1,2147483648,1,1
"KERNEL_DISPATCH",4,1,912435,3,45,"statevec_hadamardKernel",3,2470241743255151,2470241763180206,0,0,128,1,1,1073741824,1,1
"KERNEL_DISPATCH",4,1,912435,4,45,"statevec_hadamardKernel",4,2470241763180206,2470241783658303,0,0,128,1,1,1073741824,1,1
"KERNEL_DISPATCH",4,1,912435,5,45,"statevec_hadamardKernel",5,2470241783657399,2470241853831532,0,0,128,1,1,1073741824,1,1
"KERNEL_DISPATCH",4,1,912435,6,45,"statevec_hadamardKernel",6,2470241853831532,2470241873894214,0,0,128,1,1,1073741824,1,1
"KERNEL_DISPATCH",4,1,912435,7,45,"statevec_hadamardKernel",7,2470241873894214,2470241893895018,0,0,128,1,1,1073741824,1,1
"KERNEL_DISPATCH",4,1,912435,8,45,"statevec_hadamardKernel",8,2470241893895018,2470241914044822,0,0,128,1,1,1073741824,1,1
"KERNEL_DISPATCH",4,1,912435,9,45,"statevec_hadamardKernel",9,2470241914045058,2470241934096824,0,0,128,1,1,1073741824,1,1
"KERNEL_DISPATCH",4,1,912435,10,45,"statevec_hadamardKernel",10,2470241934096824,2470241954315190,0,0,128,1,1,1073741824,1,1
"KERNEL_DISPATCH",4,1,912435,11,45,"statevec_hadamardKernel",11,2470241954315190,2470241973491035,0,0,128,1,1,1073741824,1,1
"KERNEL_DISPATCH",4,1,912435,12,45,"statevec_hadamardKernel",12,2470241973491035,2470241992049998,0,0,128,1,1,1073741824,1,1
"KERNEL_DISPATCH",4,1,912435,13,45,"statevec_hadamardKernel",13,2470241992050123,2470242010501807,0,0,128,1,1,1073741824,1,1
"KERNEL_DISPATCH",4,1,912435,14,45,"statevec_hadamardKernel",14,2470242010501807,2470242029784452,0,0,128,1,1,1073741824,1,1
"KERNEL_DISPATCH",4,1,912435,15,45,"statevec_hadamardKernel",15,2470242029784452,2470242048226256,0,0,128,1,1,1073741824,1,1
"KERNEL_DISPATCH",4,1,912435,16,45,"statevec_hadamardKernel",16,2470242048226256,2470242066791141,0,0,128,1,1,1073741824,1,1
"KERNEL_DISPATCH",4,1,912435,17,45,"statevec_hadamardKernel",17,2470242066791091,2470242085322895,0,0,128,1,1,1073741824,1,1
"KERNEL_DISPATCH",4,1,912435,18,45,"statevec_hadamardKernel",18,2470242085322895,2470242104329859,0,0,128,1,1,1073741824,1,1
"KERNEL_DISPATCH",4,1,912435,19,45,"statevec_hadamardKernel",19,2470242104329859,2470242123587105,0,0,128,1,1,1073741824,1,1
"KERNEL_DISPATCH",4,1,912435,20,45,"statevec_hadamardKernel",20,2470242123587105,2470242142616910,0,0,128,1,1,1073741824,1,1
"KERNEL_DISPATCH",4,1,912435,21,45,"statevec_hadamardKernel",21,2470242142616952,2470242161177796,0,0,128,1,1,1073741824,1,1
"KERNEL_DISPATCH",4,1,912435,22,45,"statevec_hadamardKernel",22,2470242161177796,2470242180145400,0,0,128,1,1,1073741824,1,1
"KERNEL_DISPATCH",4,1,912435,23,45,"statevec_hadamardKernel",23,2470242180145400,2470242199016965,0,0,128,1,1,1073741824,1,1
"KERNEL_DISPATCH",4,1,912435,24,45,"statevec_hadamardKernel",24,2470242199016965,2470242217811370,0,0,128,1,1,1073741824,1,1
"KERNEL_DISPATCH",4,1,912435,25,45,"statevec_hadamardKernel",25,2470242217811422,2470242236689587,0,0,128,1,1,1073741824,1,1
"KERNEL_DISPATCH",4,1,912435,26,45,"statevec_hadamardKernel",26,2470242236689587,2470242255680352,0,0,128,1,1,1073741824,1,1
"KERNEL_DISPATCH",4,1,912435,27,45,"statevec_hadamardKernel",27,2470242255680352,2470242274479317,0,0,128,1,1,1073741824,1,1
"KERNEL_DISPATCH",4,1,912435,28,45,"statevec_hadamardKernel",28,2470242274479317,2470242293376363,0,0,128,1,1,1073741824,1,1
"KERNEL_DISPATCH",4,1,912435,29,45,"statevec_hadamardKernel",29,2470242293376383,2470242312344069,0,0,128,1,1,1073741824,1,1
"KERNEL_DISPATCH",4,1,912435,30,45,"statevec_hadamardKernel",30,2470242312344069,2470242331319114,0,0,128,1,1,1073741824,1,1
"KERNEL_DISPATCH",4,1,912435,31,45,"statevec_hadamardKernel",31,2470242331319114,2470242350521521,0,0,128,1,1,1073741824,1,1
"KERNEL_DISPATCH",4,1,912435,32,45,"statevec_hadamardKernel",32,2470242350521521,2470242369994408,0,0,128,1,1,1073741824,1,1
"KERNEL_DISPATCH",4,1,912435,33,45,"statevec_hadamardKernel",33,2470242369994445,2470242389982414,0,0,128,1,1,1073741824,1,1
"KERNEL_DISPATCH",4,1,912435,34,34,"statevec_controlledNotKernel",34,2470242389982414,2470242416493038,0,0,128,1,1,2147483648,1,1
"KERNEL_DISPATCH",4,1,912435,35,30,"statevec_controlledCompactUnitaryKernel",35,2470242416494878,2470242439741694,0,0,128,1,1,1073741824,1,1
"KERNEL_DISPATCH",4,1,912435,36,34,"statevec_controlledNotKernel",36,2470242439741505,2470242466090047,0,0,128,1,1,2147483648,1,1
"KERNEL_DISPATCH",4,1,912435,37,34,"statevec_controlledNotKernel",37,2470242466091807,2470242492159977,0,0,128,1,1,2147483648,1,1
"KERNEL_DISPATCH",4,1,912435,38,30,"statevec_controlledCompactUnitaryKernel",38,2470242492161697,2470242516411994,0,0,128,1,1,1073741824,1,1
"KERNEL_DISPATCH",4,1,912435,39,34,"statevec_controlledNotKernel",39,2470242516412255,2470242541971658,0,0,128,1,1,2147483648,1,1
"KERNEL_DISPATCH",4,1,912435,40,34,"statevec_controlledNotKernel",40,2470242541973458,2470242563596110,0,0,128,1,1,2147483648,1,1
"KERNEL_DISPATCH",4,1,912435,41,30,"statevec_controlledCompactUnitaryKernel",41,2470242563597830,2470242587647530,0,0,128,1,1,1073741824,1,1
"KERNEL_DISPATCH",4,1,912435,42,34,"statevec_controlledNotKernel",42,2470242587647552,2470242609220045,0,0,128,1,1,2147483648,1,1
"KERNEL_DISPATCH",4,1,912435,43,34,"statevec_controlledNotKernel",43,2470242609221805,2470242626793458,0,0,128,1,1,2147483648,1,1
"KERNEL_DISPATCH",4,1,912435,44,30,"statevec_controlledCompactUnitaryKernel",44,2470242626793458,2470242650967197,0,0,128,1,1,1073741824,1,1
"KERNEL_DISPATCH",4,1,912435,45,34,"statevec_controlledNotKernel",45,2470242650967197,2470242668495721,0,0,128,1,1,2147483648,1,1
"KERNEL_DISPATCH",4,1,912435,46,34,"statevec_controlledNotKernel",46,2470242668495736,2470242685566258,0,0,128,1,1,2147483648,1,1
"KERNEL_DISPATCH",4,1,912435,47,30,"statevec_controlledCompactUnitaryKernel",47,2470242685566258,2470242709674077,0,0,128,1,1,1073741824,1,1
"KERNEL_DISPATCH",4,1,912435,48,34,"statevec_controlledNotKernel",48,2470242709674077,2470242726566959,0,0,128,1,1,2147483648,1,1
"KERNEL_DISPATCH",4,1,912435,49,34,"statevec_controlledNotKernel",49,2470242726566959,2470242742409608,0,0,128,1,1,2147483648,1,1
"KERNEL_DISPATCH",4,1,912435,50,30,"statevec_controlledCompactUnitaryKernel",50,2470242742409465,2470242766677604,0,0,128,1,1,1073741824,1,1
"KERNEL_DISPATCH",4,1,912435,51,34,"statevec_controlledNotKernel",51,2470242766677604,2470242782404981,0,0,128,1,1,2147483648,1,1
"KERNEL_DISPATCH",4,1,912435,52,34,"statevec_controlledNotKernel",52,2470242782404981,2470242803161471,0,0,128,1,1,2147483648,1,1
"KERNEL_DISPATCH",4,1,912435,53,30,"statevec_controlledCompactUnitaryKernel",53,2470242803161471,2470242827407210,0,0,128,1,1,1073741824,1,1
"KERNEL_DISPATCH",4,1,912435,54,34,"statevec_controlledNotKernel",54,2470242827407389,2470242848694162,0,0,128,1,1,2147483648,1,1
"KERNEL_DISPATCH",4,1,912435,55,34,"statevec_controlledNotKernel",55,2470242848694162,2470242865414923,0,0,128,1,1,2147483648,1,1
"KERNEL_DISPATCH",4,1,912435,56,30,"statevec_controlledCompactUnitaryKernel",56,2470242865414923,2470242889687183,0,0,128,1,1,1073741824,1,1
"KERNEL_DISPATCH",4,1,912435,57,34,"statevec_controlledNotKernel",57,2470242889687183,2470242908742831,0,0,128,1,1,2147483648,1,1
"KERNEL_DISPATCH",4,1,912435,58,34,"statevec_controlledNotKernel",58,2470242908742914,2470242924735594,0,0,128,1,1,2147483648,1,1
"KERNEL_DISPATCH",4,1,912435,59,30,"statevec_controlledCompactUnitaryKernel",59,2470242924737154,2470242974506649,0,0,128,1,1,1073741824,1,1
"KERNEL_DISPATCH",4,1,912435,60,34,"statevec_controlledNotKernel",60,2470242974506907,2470242990611069,0,0,128,1,1,2147483648,1,1
"KERNEL_DISPATCH",4,1,912435,61,34,"statevec_controlledNotKernel",61,2470242990612589,2470243006873061,0,0,128,1,1,2147483648,1,1
"KERNEL_DISPATCH",4,1,912435,62,30,"statevec_controlledCompactUnitaryKernel",62,2470243006874661,2470243031187884,0,0,128,1,1,1073741824,1,1
"KERNEL_DISPATCH",4,1,912435,63,34,"statevec_controlledNotKernel",63,2470243031187884,2470243047311786,0,0,128,1,1,2147483648,1,1
"KERNEL_DISPATCH",4,1,912435,64,34,"statevec_controlledNotKernel",64,2470243047313151,2470243063407081,0,0,128,1,1,2147483648,1,1
"KERNEL_DISPATCH",4,1,912435,65,30,"statevec_controlledCompactUnitaryKernel",65,2470243063408641,2470243087737541,0,0,128,1,1,1073741824,1,1
"KERNEL_DISPATCH",4,1,912435,66,34,"statevec_controlledNotKernel",66,2470243087737541,2470243103768932,0,0,128,1,1,2147483648,1,1
"KERNEL_DISPATCH",4,1,912435,67,34,"statevec_controlledNotKernel",67,2470243103770492,2470243119815032,0,0,128,1,1,2147483648,1,1
"KERNEL_DISPATCH",4,1,912435,68,30,"statevec_controlledCompactUnitaryKernel",68,2470243119816605,2470243144082106,0,0,128,1,1,1073741824,1,1
"KERNEL_DISPATCH",4,1,912435,69,34,"statevec_controlledNotKernel",69,2470243144082106,2470243159985765,0,0,128,1,1,2147483648,1,1
"KERNEL_DISPATCH",4,1,912435,70,34,"statevec_controlledNotKernel",70,2470243159987325,2470243176046006,0,0,128,1,1,2147483648,1,1
"KERNEL_DISPATCH",4,1,912435,71,30,"statevec_controlledCompactUnitaryKernel",71,2470243176047566,2470243200124227,0,0,128,1,1,1073741824,1,1
"KERNEL_DISPATCH",4,1,912435,72,34,"statevec_controlledNotKernel",72,2470243200124197,2470243215754686,0,0,128,1,1,2147483648,1,1
"KERNEL_DISPATCH",4,1,912435,73,34,"statevec_controlledNotKernel",73,2470243215756246,2470243231941086,0,0,128,1,1,2147483648,1,1
"KERNEL_DISPATCH",4,1,912435,74,30,"statevec_controlledCompactUnitaryKernel",74,2470243231942646,2470243256154547,0,0,128,1,1,1073741824,1,1
"KERNEL_DISPATCH",4,1,912435,75,34,"statevec_controlledNotKernel",75,2470243256154547,2470243272487468,0,0,128,1,1,2147483648,1,1
"KERNEL_DISPATCH",4,1,912435,76,34,"statevec_controlledNotKernel",76,2470243272489416,2470243288553298,0,0,128,1,1,2147483648,1,1
"KERNEL_DISPATCH",4,1,912435,77,30,"statevec_controlledCompactUnitaryKernel",77,2470243288554978,2470243312772041,0,0,128,1,1,1073741824,1,1
"KERNEL_DISPATCH",4,1,912435,78,34,"statevec_controlledNotKernel",78,2470243312772041,2470243328868243,0,0,128,1,1,2147483648,1,1
"KERNEL_DISPATCH",4,1,912435,79,34,"statevec_controlledNotKernel",79,2470243328869687,2470243355635875,0,0,128,1,1,2147483648,1,1
"KERNEL_DISPATCH",4,1,912435,80,30,"statevec_controlledCompactUnitaryKernel",80,2470243355637555,2470243379796856,0,0,128,1,1,1073741824,1,1
"KERNEL_DISPATCH",4,1,912435,81,34,"statevec_controlledNotKernel",81,2470243379796856,2470243406418684,0,0,128,1,1,2147483648,1,1
"KERNEL_DISPATCH",4,1,912435,82,34,"statevec_controlledNotKernel",82,2470243406420374,2470243432867251,0,0,128,1,1,2147483648,1,1
"KERNEL_DISPATCH",4,1,912435,83,30,"statevec_controlledCompactUnitaryKernel",83,2470243432869131,2470243456750271,0,0,128,1,1,1073741824,1,1
"KERNEL_DISPATCH",4,1,912435,84,34,"statevec_controlledNotKernel",84,2470243456750271,2470243482516416,0,0,128,1,1,2147483648,1,1
"KERNEL_DISPATCH",4,1,912435,85,34,"statevec_controlledNotKernel",85,2470243482518244,2470243504369580,0,0,128,1,1,2147483648,1,1
"KERNEL_DISPATCH",4,1,912435,86,30,"statevec_controlledCompactUnitaryKernel",86,2470243504371260,2470243528332321,0,0,128,1,1,1073741824,1,1
"KERNEL_DISPATCH",4,1,912435,87,34,"statevec_controlledNotKernel",87,2470243528332321,2470243549968016,0,0,128,1,1,2147483648,1,1
"KERNEL_DISPATCH",4,1,912435,88,34,"statevec_controlledNotKernel",88,2470243549968020,2470243567550545,0,0,128,1,1,2147483648,1,1
"KERNEL_DISPATCH",4,1,912435,89,30,"statevec_controlledCompactUnitaryKernel",89,2470243567550545,2470243591428166,0,0,128,1,1,1073741824,1,1
"KERNEL_DISPATCH",4,1,912435,90,34,"statevec_controlledNotKernel",90,2470243591428166,2470243610920176,0,0,128,1,1,2147483648,1,1
"KERNEL_DISPATCH",4,1,912435,91,34,"statevec_controlledNotKernel",91,2470243610920176,2470243627812429,0,0,128,1,1,2147483648,1,1
"KERNEL_DISPATCH",4,1,912435,92,30,"statevec_controlledCompactUnitaryKernel",92,2470243627812478,2470243651745500,0,0,128,1,1,1073741824,1,1
"KERNEL_DISPATCH",4,1,912435,93,34,"statevec_controlledNotKernel",93,2470243651745500,2470243668401462,0,0,128,1,1,2147483648,1,1
"KERNEL_DISPATCH",4,1,912435,94,34,"statevec_controlledNotKernel",94,2470243668401462,2470243684100063,0,0,128,1,1,2147483648,1,1
"KERNEL_DISPATCH",4,1,912435,95,30,"statevec_controlledCompactUnitaryKernel",95,2470243684100063,2470243708183525,0,0,128,1,1,1073741824,1,1
"KERNEL_DISPATCH",4,1,912435,96,34,"statevec_controlledNotKernel",96,2470243708183491,2470243723764021,0,0,128,1,1,2147483648,1,1
"KERNEL_DISPATCH",4,1,912435,97,34,"statevec_controlledNotKernel",97,2470243723764021,2470243744534714,0,0,128,1,1,2147483648,1,1
"KERNEL_DISPATCH",4,1,912435,98,30,"statevec_controlledCompactUnitaryKernel",98,2470243744534714,2470243768247935,0,0,128,1,1,1073741824,1,1
"KERNEL_DISPATCH",4,1,912435,99,34,"statevec_controlledNotKernel",99,2470243768247908,2470243789515723,0,0,128,1,1,2147483648,1,1
"KERNEL_DISPATCH",4,1,912435,100,34,"statevec_controlledNotKernel",100,2470243789515723,2470243806062565,0,0,128,1,1,2147483648,1,1
"KERNEL_DISPATCH",4,1,912435,101,30,"statevec_controlledCompactUnitaryKernel",101,2470243806062565,2470243829744825,0,0,128,1,1,1073741824,1,1
"KERNEL_DISPATCH",4,1,912435,102,34,"statevec_controlledNotKernel",102,2470243829744825,2470243848461154,0,0,128,1,1,2147483648,1,1
"KERNEL_DISPATCH",4,1,912435,103,34,"statevec_controlledNotKernel",103,2470243848460973,2470243864496003,0,0,128,1,1,2147483648,1,1
"KERNEL_DISPATCH",4,1,912435,104,30,"statevec_controlledCompactUnitaryKernel",104,2470243864497603,2470243888466783,0,0,128,1,1,1073741824,1,1
"KERNEL_DISPATCH",4,1,912435,105,34,"statevec_controlledNotKernel",105,2470243888466783,2470243904417263,0,0,128,1,1,2147483648,1,1
"KERNEL_DISPATCH",4,1,912435,106,34,"statevec_controlledNotKernel",106,2470243904419063,2470243920589193,0,0,128,1,1,2147483648,1,1
"KERNEL_DISPATCH",4,1,912435,107,30,"statevec_controlledCompactUnitaryKernel",107,2470243920591123,2470243944330625,0,0,128,1,1,1073741824,1,1
"KERNEL_DISPATCH",4,1,912435,108,34,"statevec_controlledNotKernel",108,2470243944330625,2470243960591796,0,0,128,1,1,2147483648,1,1
"KERNEL_DISPATCH",4,1,912435,109,34,"statevec_controlledNotKernel",109,2470243960593716,2470243976617278,0,0,128,1,1,2147483648,1,1
"KERNEL_DISPATCH",4,1,912435,110,30,"statevec_controlledCompactUnitaryKernel",110,2470243976619198,2470244000678980,0,0,128,1,1,1073741824,1,1
"KERNEL_DISPATCH",4,1,912435,111,34,"statevec_controlledNotKernel",111,2470244000679055,2470244016539546,0,0,128,1,1,2147483648,1,1
"KERNEL_DISPATCH",4,1,912435,112,34,"statevec_controlledNotKernel",112,2470244016541546,2470244032495947,0,0,128,1,1,2147483648,1,1
"KERNEL_DISPATCH",4,1,912435,113,30,"statevec_controlledCompactUnitaryKernel",113,2470244032497987,2470244056347169,0,0,128,1,1,1073741824,1,1
"KERNEL_DISPATCH",4,1,912435,114,34,"statevec_controlledNotKernel",114,2470244056347169,2470244072152691,0,0,128,1,1,2147483648,1,1
"KERNEL_DISPATCH",4,1,912435,115,34,"statevec_controlledNotKernel",115,2470244072154564,2470244088099165,0,0,128,1,1,2147483648,1,1
"KERNEL_DISPATCH",4,1,912435,116,30,"statevec_controlledCompactUnitaryKernel",116,2470244088101165,2470244111974346,0,0,128,1,1,1073741824,1,1
"KERNEL_DISPATCH",4,1,912435,117,34,"statevec_controlledNotKernel",117,2470244111974346,2470244127541966,0,0,128,1,1,2147483648,1,1
"KERNEL_DISPATCH",4,1,912435,118,34,"statevec_controlledNotKernel",118,2470244127543926,2470244143709568,0,0,128,1,1,2147483648,1,1
"KERNEL_DISPATCH",4,1,912435,119,30,"statevec_controlledCompactUnitaryKernel",119,2470244143711565,2470244167504027,0,0,128,1,1,1073741824,1,1
"KERNEL_DISPATCH",4,1,912435,120,34,"statevec_controlledNotKernel",120,2470244167504027,2470244184863311,0,0,128,1,1,2147483648,1,1
"KERNEL_DISPATCH",4,1,912435,121,34,"statevec_controlledNotKernel",121,2470244184865311,2470244200811983,0,0,128,1,1,2147483648,1,1
"KERNEL_DISPATCH",4,1,912435,122,30,"statevec_controlledCompactUnitaryKernel",122,2470244200813983,2470244224506084,0,0,128,1,1,1073741824,1,1
"KERNEL_DISPATCH",4,1,912435,123,34,"statevec_controlledNotKernel",123,2470244224506099,2470244240449840,0,0,128,1,1,2147483648,1,1
"KERNEL_DISPATCH",4,1,912435,124,34,"statevec_controlledNotKernel",124,2470244240451856,2470244323189850,0,0,128,1,1,2147483648,1,1
"KERNEL_DISPATCH",4,1,912435,125,30,"statevec_controlledCompactUnitaryKernel",125,2470244323193970,2470244346687470,0,0,128,1,1,1073741824,1,1
"KERNEL_DISPATCH",4,1,912435,126,34,"statevec_controlledNotKernel",126,2470244346687470,2470244373029938,0,0,128,1,1,2147483648,1,1
"KERNEL_DISPATCH",4,1,912435,127,34,"statevec_controlledNotKernel",127,2470244373031894,2470244399256632,0,0,128,1,1,2147483648,1,1
"KERNEL_DISPATCH",4,1,912435,128,30,"statevec_controlledCompactUnitaryKernel",128,2470244399258512,2470244422939973,0,0,128,1,1,1073741824,1,1
"KERNEL_DISPATCH",4,1,912435,129,34,"statevec_controlledNotKernel",129,2470244422939973,2470244448754770,0,0,128,1,1,2147483648,1,1
"KERNEL_DISPATCH",4,1,912435,130,34,"statevec_controlledNotKernel",130,2470244448757280,2470244470442140,0,0,128,1,1,2147483648,1,1
"KERNEL_DISPATCH",4,1,912435,131,30,"statevec_controlledCompactUnitaryKernel",131,2470244470444060,2470244494147524,0,0,128,1,1,1073741824,1,1
"KERNEL_DISPATCH",4,1,912435,132,34,"statevec_controlledNotKernel",132,2470244494147524,2470244515651663,0,0,128,1,1,2147483648,1,1
"KERNEL_DISPATCH",4,1,912435,133,34,"statevec_controlledNotKernel",133,2470244515653039,2470244533251065,0,0,128,1,1,2147483648,1,1
"KERNEL_DISPATCH",4,1,912435,134,30,"statevec_controlledCompactUnitaryKernel",134,2470244533251065,2470244557047846,0,0,128,1,1,1073741824,1,1
"KERNEL_DISPATCH",4,1,912435,135,34,"statevec_controlledNotKernel",135,2470244557047846,2470244574264092,0,0,128,1,1,2147483648,1,1
"KERNEL_DISPATCH",4,1,912435,136,34,"statevec_controlledNotKernel",136,2470244574264092,2470244591111606,0,0,128,1,1,2147483648,1,1
"KERNEL_DISPATCH",4,1,912435,137,30,"statevec_controlledCompactUnitaryKernel",137,2470244591111660,2470244614828042,0,0,128,1,1,1073741824,1,1
"KERNEL_DISPATCH",4,1,912435,138,34,"statevec_controlledNotKernel",138,2470244614828042,2470244631546085,0,0,128,1,1,2147483648,1,1
"KERNEL_DISPATCH",4,1,912435,139,34,"statevec_controlledNotKernel",139,2470244631546085,2470244647319927,0,0,128,1,1,2147483648,1,1
"KERNEL_DISPATCH",4,1,912435,140,30,"statevec_controlledCompactUnitaryKernel",140,2470244647319927,2470244671176909,0,0,128,1,1,1073741824,1,1
"KERNEL_DISPATCH",4,1,912435,141,34,"statevec_controlledNotKernel",141,2470244671176871,2470244686813482,0,0,128,1,1,2147483648,1,1
"KERNEL_DISPATCH",4,1,912435,142,34,"statevec_controlledNotKernel",142,2470244686813482,2470244707587736,0,0,128,1,1,2147483648,1,1
"KERNEL_DISPATCH",4,1,912435,143,30,"statevec_controlledCompactUnitaryKernel",143,2470244707587736,2470244731268798,0,0,128,1,1,1073741824,1,1
"KERNEL_DISPATCH",4,1,912435,144,34,"statevec_controlledNotKernel",144,2470244731268800,2470244752555336,0,0,128,1,1,2147483648,1,1
"KERNEL_DISPATCH",4,1,912435,145,34,"statevec_controlledNotKernel",145,2470244752555336,2470244769076818,0,0,128,1,1,2147483648,1,1
"KERNEL_DISPATCH",4,1,912435,146,30,"statevec_controlledCompactUnitaryKernel",146,2470244769076818,2470244792807641,0,0,128,1,1,1073741824,1,1
"KERNEL_DISPATCH",4,1,912435,147,34,"statevec_controlledNotKernel",147,2470244792807641,2470244811539970,0,0,128,1,1,2147483648,1,1
"KERNEL_DISPATCH",4,1,912435,148,34,"statevec_controlledNotKernel",148,2470244811539962,2470244827581444,0,0,128,1,1,2147483648,1,1
"KERNEL_DISPATCH",4,1,912435,149,30,"statevec_controlledCompactUnitaryKernel",149,2470244827583284,2470244851493906,0,0,128,1,1,1073741824,1,1
"KERNEL_DISPATCH",4,1,912435,150,34,"statevec_controlledNotKernel",150,2470244851493906,2470244867544228,0,0,128,1,1,2147483648,1,1
"KERNEL_DISPATCH",4,1,912435,151,34,"statevec_controlledNotKernel",151,2470244867546108,2470244883705680,0,0,128,1,1,2147483648,1,1
"KERNEL_DISPATCH",4,1,912435,152,30,"statevec_controlledCompactUnitaryKernel",152,2470244883707575,2470244907780958,0,0,128,1,1,1073741824,1,1
"KERNEL_DISPATCH",4,1,912435,153,34,"statevec_controlledNotKernel",153,2470244907780958,2470244923929320,0,0,128,1,1,2147483648,1,1
"KERNEL_DISPATCH",4,1,912435,154,34,"statevec_controlledNotKernel",154,2470244923931240,2470244939940352,0,0,128,1,1,2147483648,1,1
"KERNEL_DISPATCH",4,1,912435,155,30,"statevec_controlledCompactUnitaryKernel",155,2470244939942232,2470244963593494,0,0,128,1,1,1073741824,1,1
"KERNEL_DISPATCH",4,1,912435,156,34,"statevec_controlledNotKernel",156,2470244963593705,2470244979541768,0,0,128,1,1,2147483648,1,1
"KERNEL_DISPATCH",4,1,912435,157,34,"statevec_controlledNotKernel",157,2470244979543568,2470244995553660,0,0,128,1,1,2147483648,1,1
"KERNEL_DISPATCH",4,1,912435,158,30,"statevec_controlledCompactUnitaryKernel",158,2470244995555420,2470245019597204,0,0,128,1,1,1073741824,1,1
"KERNEL_DISPATCH",4,1,912435,159,34,"statevec_controlledNotKernel",159,2470245019597204,2470245035337207,0,0,128,1,1,2147483648,1,1
"KERNEL_DISPATCH",4,1,912435,160,34,"statevec_controlledNotKernel",160,2470245035339085,2470245051250958,0,0,128,1,1,2147483648,1,1
"KERNEL_DISPATCH",4,1,912435,161,30,"statevec_controlledCompactUnitaryKernel",161,2470245051252798,2470245075030541,0,0,128,1,1,1073741824,1,1
"KERNEL_DISPATCH",4,1,912435,162,34,"statevec_controlledNotKernel",162,2470245075030541,2470245090657263,0,0,128,1,1,2147483648,1,1
"KERNEL_DISPATCH",4,1,912435,163,34,"statevec_controlledNotKernel",163,2470245090659103,2470245106893387,0,0,128,1,1,2147483648,1,1
"KERNEL_DISPATCH",4,1,912435,164,30,"statevec_controlledCompactUnitaryKernel",164,2470245106895434,2470245130659619,0,0,128,1,1,1073741824,1,1
"KERNEL_DISPATCH",4,1,912435,165,34,"statevec_controlledNotKernel",165,2470245130659619,2470245147102103,0,0,128,1,1,2147483648,1,1
"KERNEL_DISPATCH",4,1,912435,166,34,"statevec_controlledNotKernel",166,2470245147103943,2470245163143147,0,0,128,1,1,2147483648,1,1
"KERNEL_DISPATCH",4,1,912435,167,30,"statevec_controlledCompactUnitaryKernel",167,2470245163144987,2470245186843772,0,0,128,1,1,1073741824,1,1
"KERNEL_DISPATCH",4,1,912435,168,34,"statevec_controlledNotKernel",168,2470245186843397,2470245202881120,0,0,128,1,1,2147483648,1,1
"KERNEL_DISPATCH",4,1,912435,169,34,"statevec_controlledNotKernel",169,2470245202882960,2470245229458070,0,0,128,1,1,2147483648,1,1
"KERNEL_DISPATCH",4,1,912435,170,30,"statevec_controlledCompactUnitaryKernel",170,2470245229459870,2470245253530934,0,0,128,1,1,1073741824,1,1
"KERNEL_DISPATCH",4,1,912435,171,34,"statevec_controlledNotKernel",171,2470245253530974,2470245280068605,0,0,128,1,1,2147483648,1,1
"KERNEL_DISPATCH",4,1,912435,172,34,"statevec_controlledNotKernel",172,2470245280070525,2470245306514885,0,0,128,1,1,2147483648,1,1
"KERNEL_DISPATCH",4,1,912435,173,30,"statevec_controlledCompactUnitaryKernel",173,2470245306516525,2470245330573829,0,0,128,1,1,1073741824,1,1
"KERNEL_DISPATCH",4,1,912435,174,34,"statevec_controlledNotKernel",174,2470245330573431,2470245356632328,0,0,128,1,1,2147483648,1,1
"KERNEL_DISPATCH",4,1,912435,175,34,"statevec_controlledNotKernel",175,2470245356632328,2470245378513184,0,0,128,1,1,2147483648,1,1
"KERNEL_DISPATCH",4,1,912435,176,30,"statevec_controlledCompactUnitaryKernel",176,2470245378514864,2470245402456926,0,0,128,1,1,1073741824,1,1
"KERNEL_DISPATCH",4,1,912435,177,34,"statevec_controlledNotKernel",177,2470245402457229,2470245424029246,0,0,128,1,1,2147483648,1,1
"KERNEL_DISPATCH",4,1,912435,178,34,"statevec_controlledNotKernel",178,2470245424030846,2470245441488751,0,0,128,1,1,2147483648,1,1
"KERNEL_DISPATCH",4,1,912435,179,30,"statevec_controlledCompactUnitaryKernel",179,2470245441488751,2470245465381455,0,0,128,1,1,1073741824,1,1
"KERNEL_DISPATCH",4,1,912435,180,34,"statevec_controlledNotKernel",180,2470245465381455,2470245482685020,0,0,128,1,1,2147483648,1,1
"KERNEL_DISPATCH",4,1,912435,181,34,"statevec_controlledNotKernel",181,2470245482685031,2470245499597186,0,0,128,1,1,2147483648,1,1
"KERNEL_DISPATCH",4,1,912435,182,30,"statevec_controlledCompactUnitaryKernel",182,2470245499597186,2470245523746209,0,0,128,1,1,1073741824,1,1
"KERNEL_DISPATCH",4,1,912435,183,34,"statevec_controlledNotKernel",183,2470245523746209,2470245540217293,0,0,128,1,1,2147483648,1,1
"KERNEL_DISPATCH",4,1,912435,184,34,"statevec_controlledNotKernel",184,2470245540217293,2470245555945314,0,0,128,1,1,2147483648,1,1
"KERNEL_DISPATCH",4,1,912435,185,30,"statevec_controlledCompactUnitaryKernel",185,2470245555945376,2470245579712079,0,0,128,1,1,1073741824,1,1
"KERNEL_DISPATCH",4,1,912435,186,34,"statevec_controlledNotKernel",186,2470245579712079,2470245595393200,0,0,128,1,1,2147483648,1,1
"KERNEL_DISPATCH",4,1,912435,187,34,"statevec_controlledNotKernel",187,2470245595393200,2470245616147215,0,0,128,1,1,2147483648,1,1
"KERNEL_DISPATCH",4,1,912435,188,30,"statevec_controlledCompactUnitaryKernel",188,2470245616147215,2470245639937678,0,0,128,1,1,1073741824,1,1
"KERNEL_DISPATCH",4,1,912435,189,34,"statevec_controlledNotKernel",189,2470245639937600,2470245661242576,0,0,128,1,1,2147483648,1,1
"KERNEL_DISPATCH",4,1,912435,190,34,"statevec_controlledNotKernel",190,2470245661242576,2470245677754099,0,0,128,1,1,2147483648,1,1
"KERNEL_DISPATCH",4,1,912435,191,30,"statevec_controlledCompactUnitaryKernel",191,2470245677754099,2470245701646522,0,0,128,1,1,1073741824,1,1
"KERNEL_DISPATCH",4,1,912435,192,34,"statevec_controlledNotKernel",192,2470245701646522,2470245720326092,0,0,128,1,1,2147483648,1,1
"KERNEL_DISPATCH",4,1,912435,193,34,"statevec_controlledNotKernel",193,2470245720326053,2470245736326705,0,0,128,1,1,2147483648,1,1
"KERNEL_DISPATCH",4,1,912435,194,30,"statevec_controlledCompactUnitaryKernel",194,2470245736328305,2470245760303727,0,0,128,1,1,1073741824,1,1
"KERNEL_DISPATCH",4,1,912435,195,34,"statevec_controlledNotKernel",195,2470245760303727,2470245776002649,0,0,128,1,1,2147483648,1,1
"KERNEL_DISPATCH",4,1,912435,196,34,"statevec_controlledNotKernel",196,2470245776004369,2470245792275812,0,0,128,1,1,2147483648,1,1
"KERNEL_DISPATCH",4,1,912435,197,30,"statevec_controlledCompactUnitaryKernel",197,2470245792277455,2470245816164958,0,0,128,1,1,1073741824,1,1
"KERNEL_DISPATCH",4,1,912435,198,34,"statevec_controlledNotKernel",198,2470245816164958,2470245832401680,0,0,128,1,1,2147483648,1,1
"KERNEL_DISPATCH",4,1,912435,199,34,"statevec_controlledNotKernel",199,2470245832403280,2470245848395883,0,0,128,1,1,2147483648,1,1
"KERNEL_DISPATCH",4,1,912435,200,30,"statevec_controlledCompactUnitaryKernel",200,2470245848397483,2470245872316907,0,0,128,1,1,1073741824,1,1
"KERNEL_DISPATCH",4,1,912435,201,34,"statevec_controlledNotKernel",201,2470245872316866,2470245888093938,0,0,128,1,1,2147483648,1,1
"KERNEL_DISPATCH",4,1,912435,202,34,"statevec_controlledNotKernel",202,2470245888095538,2470245904044599,0,0,128,1,1,2147483648,1,1
"KERNEL_DISPATCH",4,1,912435,203,30,"statevec_controlledCompactUnitaryKernel",203,2470245904046159,2470245927886783,0,0,128,1,1,1073741824,1,1
"KERNEL_DISPATCH",4,1,912435,204,34,"statevec_controlledNotKernel",204,2470245927886783,2470245943598984,0,0,128,1,1,2147483648,1,1
"KERNEL_DISPATCH",4,1,912435,205,34,"statevec_controlledNotKernel",205,2470245943602530,2470245959601837,0,0,128,1,1,2147483648,1,1
"KERNEL_DISPATCH",4,1,912435,206,30,"statevec_controlledCompactUnitaryKernel",206,2470245959603557,2470245983687907,0,0,128,1,1,1073741824,1,1
"KERNEL_DISPATCH",4,1,912435,207,34,"statevec_controlledNotKernel",207,2470245983687907,2470245999443154,0,0,128,1,1,2147483648,1,1
"KERNEL_DISPATCH",4,1,912435,208,34,"statevec_controlledNotKernel",208,2470245999444994,2470246015500922,0,0,128,1,1,2147483648,1,1
"KERNEL_DISPATCH",4,1,912435,209,30,"statevec_controlledCompactUnitaryKernel",209,2470246015499206,2470246039374109,0,0,128,1,1,1073741824,1,1
"KERNEL_DISPATCH",4,1,912435,210,34,"statevec_controlledNotKernel",210,2470246039374109,2470246055597831,0,0,128,1,1,2147483648,1,1
"KERNEL_DISPATCH",4,1,912435,211,34,"statevec_controlledNotKernel",211,2470246055597831,2470246071707914,0,0,128,1,1,2147483648,1,1
"KERNEL_DISPATCH",4,1,912435,212,30,"statevec_controlledCompactUnitaryKernel",212,2470246071709674,2470246095651858,0,0,128,1,1,1073741824,1,1
"KERNEL_DISPATCH",4,1,912435,213,34,"statevec_controlledNotKernel",213,2470246095651878,2470246111561370,0,0,128,1,1,2147483648,1,1
"KERNEL_DISPATCH",4,1,912435,214,34,"statevec_controlledNotKernel",214,2470246111563090,2470246138163920,0,0,128,1,1,2147483648,1,1
"KERNEL_DISPATCH",4,1,912435,215,30,"statevec_controlledCompactUnitaryKernel",215,2470246138165640,2470246162057344,0,0,128,1,1,1073741824,1,1
"KERNEL_DISPATCH",4,1,912435,216,34,"statevec_controlledNotKernel",216,2470246162057344,2470246188479254,0,0,128,1,1,2147483648,1,1
"KERNEL_DISPATCH",4,1,912435,217,34,"statevec_controlledNotKernel",217,2470246188480854,2470246214793793,0,0,128,1,1,2147483648,1,1
"KERNEL_DISPATCH",4,1,912435,218,30,"statevec_controlledCompactUnitaryKernel",218,2470246214795553,2470246238777577,0,0,128,1,1,1073741824,1,1
"KERNEL_DISPATCH",4,1,912435,219,34,"statevec_controlledNotKernel",219,2470246238777578,2470246264830277,0,0,128,1,1,2147483648,1,1
"KERNEL_DISPATCH",4,1,912435,220,34,"statevec_controlledNotKernel",220,2470246264832077,2470246286709694,0,0,128,1,1,2147483648,1,1
"KERNEL_DISPATCH",4,1,912435,221,30,"statevec_controlledCompactUnitaryKernel",221,2470246286711414,2470246310665358,0,0,128,1,1,1073741824,1,1
"KERNEL_DISPATCH",4,1,912435,222,34,"statevec_controlledNotKernel",222,2470246310665765,2470246332276664,0,0,128,1,1,2147483648,1,1
"KERNEL_DISPATCH",4,1,912435,223,34,"statevec_controlledNotKernel",223,2470246332278344,2470246349679991,0,0,128,1,1,2147483648,1,1
"KERNEL_DISPATCH",4,1,912435,224,30,"statevec_controlledCompactUnitaryKernel",224,2470246349679991,2470246373627456,0,0,128,1,1,1073741824,1,1
"KERNEL_DISPATCH",4,1,912435,225,34,"statevec_controlledNotKernel",225,2470246373627456,2470246393119549,0,0,128,1,1,2147483648,1,1
"KERNEL_DISPATCH",4,1,912435,226,34,"statevec_controlledNotKernel",226,2470246393119147,2470246409975572,0,0,128,1,1,2147483648,1,1
"KERNEL_DISPATCH",4,1,912435,227,30,"statevec_controlledCompactUnitaryKernel",227,2470246409975572,2470246433934755,0,0,128,1,1,1073741824,1,1
"KERNEL_DISPATCH",4,1,912435,228,34,"statevec_controlledNotKernel",228,2470246433934755,2470246450786240,0,0,128,1,1,2147483648,1,1
"KERNEL_DISPATCH",4,1,912435,229,34,"statevec_controlledNotKernel",229,2470246450786240,2470246466654252,0,0,128,1,1,2147483648,1,1
"KERNEL_DISPATCH",4,1,912435,230,30,"statevec_controlledCompactUnitaryKernel",230,2470246466654312,2470246490603696,0,0,128,1,1,1073741824,1,1
"KERNEL_DISPATCH",4,1,912435,231,34,"statevec_controlledNotKernel",231,2470246490603696,2470246506269197,0,0,128,1,1,2147483648,1,1
"KERNEL_DISPATCH",4,1,912435,232,34,"statevec_controlledNotKernel",232,2470246506269197,2470246527022853,0,0,128,1,1,2147483648,1,1
"KERNEL_DISPATCH",4,1,912435,233,30,"statevec_controlledCompactUnitaryKernel",233,2470246527022853,2470246550972477,0,0,128,1,1,1073741824,1,1
"KERNEL_DISPATCH",4,1,912435,234,34,"statevec_controlledNotKernel",234,2470246550972536,2470246572669274,0,0,128,1,1,2147483648,1,1
"KERNEL_DISPATCH",4,1,912435,235,34,"statevec_controlledNotKernel",235,2470246572669274,2470246589307758,0,0,128,1,1,2147483648,1,1
"KERNEL_DISPATCH",4,1,912435,236,30,"statevec_controlledCompactUnitaryKernel",236,2470246589307758,2470246613296982,0,0,128,1,1,1073741824,1,1
"KERNEL_DISPATCH",4,1,912435,237,34,"statevec_controlledNotKernel",237,2470246613296982,2470246630387188,0,0,128,1,1,2147483648,1,1
"KERNEL_DISPATCH",4,1,912435,238,34,"statevec_controlledNotKernel",238,2470246630387087,2470246646431140,0,0,128,1,1,2147483648,1,1
"KERNEL_DISPATCH",4,1,912435,239,30,"statevec_controlledCompactUnitaryKernel",239,2470246646432980,2470246670381963,0,0,128,1,1,1073741824,1,1
"KERNEL_DISPATCH",4,1,912435,240,34,"statevec_controlledNotKernel",240,2470246670381963,2470246686355036,0,0,128,1,1,2147483648,1,1
"KERNEL_DISPATCH",4,1,912435,241,34,"statevec_controlledNotKernel",241,2470246686356876,2470246702623479,0,0,128,1,1,2147483648,1,1
"KERNEL_DISPATCH",4,1,912435,242,30,"statevec_controlledCompactUnitaryKernel",242,2470246702625807,2470246726597033,0,0,128,1,1,1073741824,1,1
"KERNEL_DISPATCH",4,1,912435,243,34,"statevec_controlledNotKernel",243,2470246726597033,2470246742956397,0,0,128,1,1,2147483648,1,1
"KERNEL_DISPATCH",4,1,912435,244,34,"statevec_controlledNotKernel",244,2470246742958397,2470246759081011,0,0,128,1,1,2147483648,1,1
"KERNEL_DISPATCH",4,1,912435,245,30,"statevec_controlledCompactUnitaryKernel",245,2470246759082891,2470246782907076,0,0,128,1,1,1073741824,1,1
"KERNEL_DISPATCH",4,1,912435,246,34,"statevec_controlledNotKernel",246,2470246782906682,2470246798796064,0,0,128,1,1,2147483648,1,1
"KERNEL_DISPATCH",4,1,912435,247,34,"statevec_controlledNotKernel",247,2470246798797944,2470246814959156,0,0,128,1,1,2147483648,1,1
"KERNEL_DISPATCH",4,1,912435,248,30,"statevec_controlledCompactUnitaryKernel",248,2470246814961036,2470246839002101,0,0,128,1,1,1073741824,1,1
"KERNEL_DISPATCH",4,1,912435,249,34,"statevec_controlledNotKernel",249,2470246839002101,2470246854870733,0,0,128,1,1,2147483648,1,1
"KERNEL_DISPATCH",4,1,912435,250,34,"statevec_controlledNotKernel",250,2470246854873220,2470246870953774,0,0,128,1,1,2147483648,1,1
"KERNEL_DISPATCH",4,1,912435,251,30,"statevec_controlledCompactUnitaryKernel",251,2470246870955694,2470246894946879,0,0,128,1,1,1073741824,1,1
"KERNEL_DISPATCH",4,1,912435,252,34,"statevec_controlledNotKernel",252,2470246894946879,2470246910747713,0,0,128,1,1,2147483648,1,1
"KERNEL_DISPATCH",4,1,912435,253,34,"statevec_controlledNotKernel",253,2470246910749633,2470246926961598,0,0,128,1,1,2147483648,1,1
"KERNEL_DISPATCH",4,1,912435,254,30,"statevec_controlledCompactUnitaryKernel",254,2470246926961092,2470246951055077,0,0,128,1,1,1073741824,1,1
"KERNEL_DISPATCH",4,1,912435,255,34,"statevec_controlledNotKernel",255,2470246951055077,2470246967361360,0,0,128,1,1,2147483648,1,1
"KERNEL_DISPATCH",4,1,912435,256,34,"statevec_controlledNotKernel",256,2470246967361360,2470246983429323,0,0,128,1,1,2147483648,1,1
"KERNEL_DISPATCH",4,1,912435,257,30,"statevec_controlledCompactUnitaryKernel",257,2470246983431163,2470247007391388,0,0,128,1,1,1073741824,1,1
"KERNEL_DISPATCH",4,1,912435,258,34,"statevec_controlledNotKernel",258,2470247007391316,2470247023481399,0,0,128,1,1,2147483648,1,1
"KERNEL_DISPATCH",4,1,912435,259,34,"statevec_controlledNotKernel",259,2470247023483279,2470247050320790,0,0,128,1,1,2147483648,1,1
"KERNEL_DISPATCH",4,1,912435,260,30,"statevec_controlledCompactUnitaryKernel",260,2470247050322630,2470247074325094,0,0,128,1,1,1073741824,1,1
"KERNEL_DISPATCH",4,1,912435,261,34,"statevec_controlledNotKernel",261,2470247074325103,2470247100959014,0,0,128,1,1,2147483648,1,1
"KERNEL_DISPATCH",4,1,912435,262,34,"statevec_controlledNotKernel",262,2470247100960814,2470247127610004,0,0,128,1,1,2147483648,1,1
"KERNEL_DISPATCH",4,1,912435,263,30,"statevec_controlledCompactUnitaryKernel",263,2470247127611804,2470247151705429,0,0,128,1,1,1073741824,1,1
"KERNEL_DISPATCH",4,1,912435,264,34,"statevec_controlledNotKernel",264,2470247151705618,2470247177951619,0,0,128,1,1,2147483648,1,1
"KERNEL_DISPATCH",4,1,912435,265,34,"statevec_controlledNotKernel",265,2470247177953299,2470247199924878,0,0,128,1,1,2147483648,1,1
"KERNEL_DISPATCH",4,1,912435,266,30,"statevec_controlledCompactUnitaryKernel",266,2470247199926718,2470247224018703,0,0,128,1,1,1073741824,1,1
"KERNEL_DISPATCH",4,1,912435,267,34,"statevec_controlledNotKernel",267,2470247224019087,2470247245788187,0,0,128,1,1,2147483648,1,1
"KERNEL_DISPATCH",4,1,912435,268,34,"statevec_controlledNotKernel",268,2470247245790147,2470247263298634,0,0,128,1,1,2147483648,1,1
"KERNEL_DISPATCH",4,1,912435,269,30,"statevec_controlledCompactUnitaryKernel",269,2470247263298634,2470247287198500,0,0,128,1,1,1073741824,1,1
"KERNEL_DISPATCH",4,1,912435,270,34,"statevec_controlledNotKernel",270,2470247287198500,2470247304623669,0,0,128,1,1,2147483648,1,1
"KERNEL_DISPATCH",4,1,912435,271,34,"statevec_controlledNotKernel",271,2470247304622874,2470247321626359,0,0,128,1,1,2147483648,1,1
"KERNEL_DISPATCH",4,1,912435,272,30,"statevec_controlledCompactUnitaryKernel",272,2470247321626359,2470247345555901,0,0,128,1,1,1073741824,1,1
"KERNEL_DISPATCH",4,1,912435,273,34,"statevec_controlledNotKernel",273,2470247345555901,2470247362267626,0,0,128,1,1,2147483648,1,1
"KERNEL_DISPATCH",4,1,912435,274,34,"statevec_controlledNotKernel",274,2470247362267626,2470247378014147,0,0,128,1,1,2147483648,1,1
"KERNEL_DISPATCH",4,1,912435,275,30,"statevec_controlledCompactUnitaryKernel",275,2470247378016268,2470247401881652,0,0,128,1,1,1073741824,1,1
"KERNEL_DISPATCH",4,1,912435,276,34,"statevec_controlledNotKernel",276,2470247401881652,2470247417684764,0,0,128,1,1,2147483648,1,1
"KERNEL_DISPATCH",4,1,912435,277,34,"statevec_controlledNotKernel",277,2470247417684764,2470247438471060,0,0,128,1,1,2147483648,1,1
"KERNEL_DISPATCH",4,1,912435,278,30,"statevec_controlledCompactUnitaryKernel",278,2470247438471060,2470247462324844,0,0,128,1,1,1073741824,1,1
"KERNEL_DISPATCH",4,1,912435,279,34,"statevec_controlledNotKernel",279,2470247462325431,2470247483620010,0,0,128,1,1,2147483648,1,1
"KERNEL_DISPATCH",4,1,912435,280,34,"statevec_controlledNotKernel",280,2470247483620010,2470247500227535,0,0,128,1,1,2147483648,1,1
"KERNEL_DISPATCH",4,1,912435,281,30,"statevec_controlledCompactUnitaryKernel",281,2470247500227535,2470247524042001,0,0,128,1,1,1073741824,1,1
"KERNEL_DISPATCH",4,1,912435,282,34,"statevec_controlledNotKernel",282,2470247524042001,2470247541358649,0,0,128,1,1,2147483648,1,1
"KERNEL_DISPATCH",4,1,912435,283,34,"statevec_controlledNotKernel",283,2470247541358002,2470247557320915,0,0,128,1,1,2147483648,1,1
"KERNEL_DISPATCH",4,1,912435,284,30,"statevec_controlledCompactUnitaryKernel",284,2470247557322675,2470247581275618,0,0,128,1,1,1073741824,1,1
"KERNEL_DISPATCH",4,1,912435,285,34,"statevec_controlledNotKernel",285,2470247581275618,2470247597110921,0,0,128,1,1,2147483648,1,1
"KERNEL_DISPATCH",4,1,912435,286,34,"statevec_controlledNotKernel",286,2470247597112641,2470247613347165,0,0,128,1,1,2147483648,1,1
"KERNEL_DISPATCH",4,1,912435,287,30,"statevec_controlledCompactUnitaryKernel",287,2470247613348933,2470247637115957,0,0,128,1,1,1073741824,1,1
"KERNEL_DISPATCH",4,1,912435,288,34,"statevec_controlledNotKernel",288,2470247637115957,2470247653414240,0,0,128,1,1,2147483648,1,1
"KERNEL_DISPATCH",4,1,912435,289,34,"statevec_controlledNotKernel",289,2470247653415960,2470247669489563,0,0,128,1,1,2147483648,1,1
"KERNEL_DISPATCH",4,1,912435,290,30,"statevec_controlledCompactUnitaryKernel",290,2470247669491283,2470247693509148,0,0,128,1,1,1073741824,1,1
"KERNEL_DISPATCH",4,1,912435,291,34,"statevec_controlledNotKernel",291,2470247693509105,2470247709389828,0,0,128,1,1,2147483648,1,1
"KERNEL_DISPATCH",4,1,912435,292,34,"statevec_controlledNotKernel",292,2470247709391668,2470247725348880,0,0,128,1,1,2147483648,1,1
"KERNEL_DISPATCH",4,1,912435,293,30,"statevec_controlledCompactUnitaryKernel",293,2470247725350600,2470247749332264,0,0,128,1,1,1073741824,1,1
"KERNEL_DISPATCH",4,1,912435,294,34,"statevec_controlledNotKernel",294,2470247749332264,2470247765146387,0,0,128,1,1,2147483648,1,1
"KERNEL_DISPATCH",4,1,912435,295,34,"statevec_controlledNotKernel",295,2470247765148165,2470247781275138,0,0,128,1,1,2147483648,1,1
"KERNEL_DISPATCH",4,1,912435,296,30,"statevec_controlledCompactUnitaryKernel",296,2470247781276858,2470247805261842,0,0,128,1,1,1073741824,1,1
"KERNEL_DISPATCH",4,1,912435,297,34,"statevec_controlledNotKernel",297,2470247805261842,2470247820988794,0,0,128,1,1,2147483648,1,1
"KERNEL_DISPATCH",4,1,912435,298,34,"statevec_controlledNotKernel",298,2470247820990554,2470247837061037,0,0,128,1,1,2147483648,1,1
"KERNEL_DISPATCH",4,1,912435,299,30,"statevec_controlledCompactUnitaryKernel",299,2470247837061085,2470247860898669,0,0,128,1,1,1073741824,1,1
"KERNEL_DISPATCH",4,1,912435,300,34,"statevec_controlledNotKernel",300,2470247860898669,2470247877222072,0,0,128,1,1,2147483648,1,1
"KERNEL_DISPATCH",4,1,912435,301,34,"statevec_controlledNotKernel",301,2470247877223832,2470247893318365,0,0,128,1,1,2147483648,1,1
"KERNEL_DISPATCH",4,1,912435,302,30,"statevec_controlledCompactUnitaryKernel",302,2470247893319925,2470247917207590,0,0,128,1,1,1073741824,1,1
"KERNEL_DISPATCH",4,1,912435,303,34,"statevec_controlledNotKernel",303,2470247917207718,2470247933062241,0,0,128,1,1,2147483648,1,1
"KERNEL_DISPATCH",4,1,912435,304,34,"statevec_controlledNotKernel",304,2470247933063961,2470247959713592,0,0,128,1,1,2147483648,1,1
"KERNEL_DISPATCH",4,1,912435,305,30,"statevec_controlledCompactUnitaryKernel",305,2470247959715072,2470247983557497,0,0,128,1,1,1073741824,1,1
"KERNEL_DISPATCH",4,1,912435,306,34,"statevec_controlledNotKernel",306,2470247983557691,2470248010149134,0,0,128,1,1,2147483648,1,1
"KERNEL_DISPATCH",4,1,912435,307,34,"statevec_controlledNotKernel",307,2470248010150734,2470248036634456,0,0,128,1,1,2147483648,1,1
"KERNEL_DISPATCH",4,1,912435,308,30,"statevec_controlledCompactUnitaryKernel",308,2470248036636056,2470248060551761,0,0,128,1,1,1073741824,1,1
"KERNEL_DISPATCH",4,1,912435,309,34,"statevec_controlledNotKernel",309,2470248060551398,2470248086700328,0,0,128,1,1,2147483648,1,1
"KERNEL_DISPATCH",4,1,912435,310,34,"statevec_controlledNotKernel",310,2470248086701968,2470248108612786,0,0,128,1,1,2147483648,1,1
"KERNEL_DISPATCH",4,1,912435,311,30,"statevec_controlledCompactUnitaryKernel",311,2470248108614386,2470248132484250,0,0,128,1,1,1073741824,1,1
"KERNEL_DISPATCH",4,1,912435,312,34,"statevec_controlledNotKernel",312,2470248132484267,2470248154414686,0,0,128,1,1,2147483648,1,1
"KERNEL_DISPATCH",4,1,912435,313,34,"statevec_controlledNotKernel",313,2470248154416286,2470248205755923,0,0,128,1,1,2147483648,1,1
"KERNEL_DISPATCH",4,1,912435,314,30,"statevec_controlledCompactUnitaryKernel",314,2470248205756002,2470248228864424,0,0,128,1,1,1073741824,1,1
"KERNEL_DISPATCH",4,1,912435,315,34,"statevec_controlledNotKernel",315,2470248228864424,2470248248801197,0,0,128,1,1,2147483648,1,1
"KERNEL_DISPATCH",4,1,912435,316,34,"statevec_controlledNotKernel",316,2470248248801197,2470248265766683,0,0,128,1,1,2147483648,1,1
"KERNEL_DISPATCH",4,1,912435,317,30,"statevec_controlledCompactUnitaryKernel",317,2470248265766683,2470248289751988,0,0,128,1,1,1073741824,1,1
"KERNEL_DISPATCH",4,1,912435,318,34,"statevec_controlledNotKernel",318,2470248289751944,2470248306552989,0,0,128,1,1,2147483648,1,1
"KERNEL_DISPATCH",4,1,912435,319,34,"statevec_controlledNotKernel",319,2470248306552989,2470248322544481,0,0,128,1,1,2147483648,1,1
"KERNEL_DISPATCH",4,1,912435,320,30,"statevec_controlledCompactUnitaryKernel",320,2470248322546001,2470248346504106,0,0,128,1,1,1073741824,1,1
"KERNEL_DISPATCH",4,1,912435,321,34,"statevec_controlledNotKernel",321,2470248346504106,2470248362361799,0,0,128,1,1,2147483648,1,1
"KERNEL_DISPATCH",4,1,912435,322,34,"statevec_controlledNotKernel",322,2470248362361787,2470248383127043,0,0,128,1,1,2147483648,1,1
"KERNEL_DISPATCH",4,1,912435,323,30,"statevec_controlledCompactUnitaryKernel",323,2470248383127043,2470248406952986,0,0,128,1,1,1073741824,1,1
"KERNEL_DISPATCH",4,1,912435,324,34,"statevec_controlledNotKernel",324,2470248406952986,2470248428297044,0,0,128,1,1,2147483648,1,1
"KERNEL_DISPATCH",4,1,912435,325,34,"statevec_controlledNotKernel",325,2470248428297044,2470248444980049,0,0,128,1,1,2147483648,1,1
"KERNEL_DISPATCH",4,1,912435,326,30,"statevec_controlledCompactUnitaryKernel",326,2470248444980107,2470248468850811,0,0,128,1,1,1073741824,1,1
"KERNEL_DISPATCH",4,1,912435,327,34,"statevec_controlledNotKernel",327,2470248468850811,2470248485892416,0,0,128,1,1,2147483648,1,1
"KERNEL_DISPATCH",4,1,912435,328,34,"statevec_controlledNotKernel",328,2470248485892416,2470248502065340,0,0,128,1,1,2147483648,1,1
"KERNEL_DISPATCH",4,1,912435,329,30,"statevec_controlledCompactUnitaryKernel",329,2470248502066860,2470248525864564,0,0,128,1,1,1073741824,1,1
"KERNEL_DISPATCH",4,1,912435,330,34,"statevec_controlledNotKernel",330,2470248525864511,2470248541812064,0,0,128,1,1,2147483648,1,1
"KERNEL_DISPATCH",4,1,912435,331,34,"statevec_controlledNotKernel",331,2470248541813664,2470248558158587,0,0,128,1,1,2147483648,1,1
"KERNEL_DISPATCH",4,1,912435,332,30,"statevec_controlledCompactUnitaryKernel",332,2470248558160107,2470248582199052,0,0,128,1,1,1073741824,1,1
"KERNEL_DISPATCH",4,1,912435,333,34,"statevec_controlledNotKernel",333,2470248582199052,2470248598622856,0,0,128,1,1,2147483648,1,1
"KERNEL_DISPATCH",4,1,912435,334,34,"statevec_controlledNotKernel",334,2470248598624604,2470248614820438,0,0,128,1,1,2147483648,1,1
"KERNEL_DISPATCH",4,1,912435,335,30,"statevec_controlledCompactUnitaryKernel",335,2470248614822118,2470248638889582,0,0,128,1,1,1073741824,1,1
"KERNEL_DISPATCH",4,1,912435,336,34,"statevec_controlledNotKernel",336,2470248638889582,2470248654959065,0,0,128,1,1,2147483648,1,1
"KERNEL_DISPATCH",4,1,912435,337,34,"statevec_controlledNotKernel",337,2470248654960745,2470248671092319,0,0,128,1,1,2147483648,1,1
"KERNEL_DISPATCH",4,1,912435,338,30,"statevec_controlledCompactUnitaryKernel",338,2470248671094006,2470248695125271,0,0,128,1,1,1073741824,1,1
"KERNEL_DISPATCH",4,1,912435,339,34,"statevec_controlledNotKernel",339,2470248695125271,2470248711122043,0,0,128,1,1,2147483648,1,1
"KERNEL_DISPATCH",4,1,912435,340,34,"statevec_controlledNotKernel",340,2470248711123883,2470248727200207,0,0,128,1,1,2147483648,1,1
"KERNEL_DISPATCH",4,1,912435,341,30,"statevec_controlledCompactUnitaryKernel",341,2470248727201927,2470248751146031,0,0,128,1,1,1073741824,1,1
"KERNEL_DISPATCH",4,1,912435,342,34,"statevec_controlledNotKernel",342,2470248751146018,2470248766992041,0,0,128,1,1,2147483648,1,1
"KERNEL_DISPATCH",4,1,912435,343,34,"statevec_controlledNotKernel",343,2470248766993761,2470248783190244,0,0,128,1,1,2147483648,1,1
"KERNEL_DISPATCH",4,1,912435,344,30,"statevec_controlledCompactUnitaryKernel",344,2470248783191924,2470248807245229,0,0,128,1,1,1073741824,1,1
"KERNEL_DISPATCH",4,1,912435,345,34,"statevec_controlledNotKernel",345,2470248807245229,2470248823629793,0,0,128,1,1,2147483648,1,1
"KERNEL_DISPATCH",4,1,912435,346,34,"statevec_controlledNotKernel",346,2470248823631581,2470248839749414,0,0,128,1,1,2147483648,1,1
"KERNEL_DISPATCH",4,1,912435,347,30,"statevec_controlledCompactUnitaryKernel",347,2470248839751134,2470248863763918,0,0,128,1,1,1073741824,1,1
"KERNEL_DISPATCH",4,1,912435,348,34,"statevec_controlledNotKernel",348,2470248863763918,2470248879855532,0,0,128,1,1,2147483648,1,1
"KERNEL_DISPATCH",4,1,912435,349,34,"statevec_controlledNotKernel",349,2470248879857257,2470248906803410,0,0,128,1,1,2147483648,1,1
"KERNEL_DISPATCH",4,1,912435,350,30,"statevec_controlledCompactUnitaryKernel",350,2470248906805050,2470248930820674,0,0,128,1,1,1073741824,1,1
"KERNEL_DISPATCH",4,1,912435,351,34,"statevec_controlledNotKernel",351,2470248930820674,2470248957761667,0,0,128,1,1,2147483648,1,1
"KERNEL_DISPATCH",4,1,912435,352,34,"statevec_controlledNotKernel",352,2470248957761775,2470248984488947,0,0,128,1,1,2147483648,1,1
"KERNEL_DISPATCH",4,1,912435,353,30,"statevec_controlledCompactUnitaryKernel",353,2470248984490467,2470249008364091,0,0,128,1,1,1073741824,1,1
"KERNEL_DISPATCH",4,1,912435,354,34,"statevec_controlledNotKernel",354,2470249008364091,2470249034672372,0,0,128,1,1,2147483648,1,1
"KERNEL_DISPATCH",4,1,912435,355,34,"statevec_controlledNotKernel",355,2470249034673928,2470249056718347,0,0,128,1,1,2147483648,1,1
"KERNEL_DISPATCH",4,1,912435,356,30,"statevec_controlledCompactUnitaryKernel",356,2470249056719987,2470249080754091,0,0,128,1,1,1073741824,1,1
"KERNEL_DISPATCH",4,1,912435,357,34,"statevec_controlledNotKernel",357,2470249080754091,2470249102768471,0,0,128,1,1,2147483648,1,1
"KERNEL_DISPATCH",4,1,912435,358,34,"statevec_controlledNotKernel",358,2470249102768187,2470249120386954,0,0,128,1,1,2147483648,1,1
"KERNEL_DISPATCH",4,1,912435,359,30,"statevec_controlledCompactUnitaryKernel",359,2470249120386954,2470249144397417,0,0,128,1,1,1073741824,1,1
"KERNEL_DISPATCH",4,1,912435,360,34,"statevec_controlledNotKernel",360,2470249144397417,2470249161971424,0,0,128,1,1,2147483648,1,1
"KERNEL_DISPATCH",4,1,912435,361,34,"statevec_controlledNotKernel",361,2470249161971424,2470249179150750,0,0,128,1,1,2147483648,1,1
"KERNEL_DISPATCH",4,1,912435,362,30,"statevec_controlledCompactUnitaryKernel",362,2470249179151099,2470249203091844,0,0,128,1,1,1073741824,1,1
"KERNEL_DISPATCH",4,1,912435,363,34,"statevec_controlledNotKernel",363,2470249203091844,2470249220304010,0,0,128,1,1,2147483648,1,1
"KERNEL_DISPATCH",4,1,912435,364,34,"statevec_controlledNotKernel",364,2470249220304010,2470249236124853,0,0,128,1,1,2147483648,1,1
"KERNEL_DISPATCH",4,1,912435,365,30,"statevec_controlledCompactUnitaryKernel",365,2470249236126493,2470249260060838,0,0,128,1,1,1073741824,1,1
"KERNEL_DISPATCH",4,1,912435,366,34,"statevec_controlledNotKernel",366,2470249260060794,2470249275884017,0,0,128,1,1,2147483648,1,1
"KERNEL_DISPATCH",4,1,912435,367,34,"statevec_controlledNotKernel",367,2470249275884017,2470249296944753,0,0,128,1,1,2147483648,1,1
"KERNEL_DISPATCH",4,1,912435,368,30,"statevec_controlledCompactUnitaryKernel",368,2470249296944753,2470249320902378,0,0,128,1,1,1073741824,1,1
"KERNEL_DISPATCH",4,1,912435,369,34,"statevec_controlledNotKernel",369,2470249320902364,2470249342537662,0,0,128,1,1,2147483648,1,1
"KERNEL_DISPATCH",4,1,912435,370,34,"statevec_controlledNotKernel",370,2470249342537662,2470249359117266,0,0,128,1,1,2147483648,1,1
"KERNEL_DISPATCH",4,1,912435,371,30,"statevec_controlledCompactUnitaryKernel",371,2470249359117266,2470249383014211,0,0,128,1,1,1073741824,1,1
"KERNEL_DISPATCH",4,1,912435,372,34,"statevec_controlledNotKernel",372,2470249383014211,2470249401738861,0,0,128,1,1,2147483648,1,1
"KERNEL_DISPATCH",4,1,912435,373,34,"statevec_controlledNotKernel",373,2470249401738889,2470249417794342,0,0,128,1,1,2147483648,1,1
"KERNEL_DISPATCH",4,1,912435,374,30,"statevec_controlledCompactUnitaryKernel",374,2470249417796302,2470249441613166,0,0,128,1,1,1073741824,1,1
"KERNEL_DISPATCH",4,1,912435,375,34,"statevec_controlledNotKernel",375,2470249441613166,2470249457609849,0,0,128,1,1,2147483648,1,1
"KERNEL_DISPATCH",4,1,912435,376,34,"statevec_controlledNotKernel",376,2470249457611889,2470249473958053,0,0,128,1,1,2147483648,1,1
"KERNEL_DISPATCH",4,1,912435,377,30,"statevec_controlledCompactUnitaryKernel",377,2470249473960020,2470249497877005,0,0,128,1,1,1073741824,1,1
"KERNEL_DISPATCH",4,1,912435,378,34,"statevec_controlledNotKernel",378,2470249497877005,2470249514246489,0,0,128,1,1,2147483648,1,1
"KERNEL_DISPATCH",4,1,912435,379,34,"statevec_controlledNotKernel",379,2470249514248489,2470249530342632,0,0,128,1,1,2147483648,1,1
"KERNEL_DISPATCH",4,1,912435,380,30,"statevec_controlledCompactUnitaryKernel",380,2470249530344592,2470249554242737,0,0,128,1,1,1073741824,1,1
"KERNEL_DISPATCH",4,1,912435,381,34,"statevec_controlledNotKernel",381,2470249554242703,2470249570124546,0,0,128,1,1,2147483648,1,1
"KERNEL_DISPATCH",4,1,912435,382,34,"statevec_controlledNotKernel",382,2470249570126546,2470249586118708,0,0,128,1,1,2147483648,1,1
"KERNEL_DISPATCH",4,1,912435,383,30,"statevec_controlledCompactUnitaryKernel",383,2470249586120588,2470249610085653,0,0,128,1,1,1073741824,1,1
"KERNEL_DISPATCH",4,1,912435,384,34,"statevec_controlledNotKernel",384,2470249610085653,2470249626014876,0,0,128,1,1,2147483648,1,1
"KERNEL_DISPATCH",4,1,912435,385,34,"statevec_controlledNotKernel",385,2470249626016753,2470249642071286,0,0,128,1,1,2147483648,1,1
"KERNEL_DISPATCH",4,1,912435,386,30,"statevec_controlledCompactUnitaryKernel",386,2470249642073046,2470249666075350,0,0,128,1,1,1073741824,1,1
"KERNEL_DISPATCH",4,1,912435,387,34,"statevec_controlledNotKernel",387,2470249666075350,2470249682001433,0,0,128,1,1,2147483648,1,1
"KERNEL_DISPATCH",4,1,912435,388,34,"statevec_controlledNotKernel",388,2470249682003433,2470249698115677,0,0,128,1,1,2147483648,1,1
"KERNEL_DISPATCH",4,1,912435,389,30,"statevec_controlledCompactUnitaryKernel",389,2470249698117674,2470249722027939,0,0,128,1,1,1073741824,1,1
"KERNEL_DISPATCH",4,1,912435,390,34,"statevec_controlledNotKernel",390,2470249722027939,2470249738344342,0,0,128,1,1,2147483648,1,1
"KERNEL_DISPATCH",4,1,912435,391,34,"statevec_controlledNotKernel",391,2470249738344342,2470249754479506,0,0,128,1,1,2147483648,1,1
"KERNEL_DISPATCH",4,1,912435,392,30,"statevec_controlledCompactUnitaryKernel",392,2470249754481426,2470249778396731,0,0,128,1,1,1073741824,1,1
"KERNEL_DISPATCH",4,1,912435,393,34,"statevec_controlledNotKernel",393,2470249778396687,2470249794452730,0,0,128,1,1,2147483648,1,1
"KERNEL_DISPATCH",4,1,912435,394,34,"statevec_controlledNotKernel",394,2470249794454570,2470249821141521,0,0,128,1,1,2147483648,1,1
"KERNEL_DISPATCH",4,1,912435,395,30,"statevec_controlledCompactUnitaryKernel",395,2470249821143441,2470249845036026,0,0,128,1,1,1073741824,1,1
"KERNEL_DISPATCH",4,1,912435,396,34,"statevec_controlledNotKernel",396,2470249845036053,2470249871673965,0,0,128,1,1,2147483648,1,1
"KERNEL_DISPATCH",4,1,912435,397,34,"statevec_controlledNotKernel",397,2470249871675930,2470249961662945,0,0,128,1,1,2147483648,1,1
"KERNEL_DISPATCH",4,1,912435,398,30,"statevec_controlledCompactUnitaryKernel",398,2470249961667065,2470249985734929,0,0,128,1,1,1073741824,1,1
"KERNEL_DISPATCH",4,1,912435,399,34,"statevec_controlledNotKernel",399,2470249985734929,2470250012202011,0,0,128,1,1,2147483648,1,1
"KERNEL_DISPATCH",4,1,912435,400,34,"statevec_controlledNotKernel",400,2470250012203697,2470250034211156,0,0,128,1,1,2147483648,1,1
"KERNEL_DISPATCH",4,1,912435,401,30,"statevec_controlledCompactUnitaryKernel",401,2470250034212956,2470250058194140,0,0,128,1,1,1073741824,1,1
"KERNEL_DISPATCH",4,1,912435,402,34,"statevec_controlledNotKernel",402,2470250058194140,2470250080053878,0,0,128,1,1,2147483648,1,1
"KERNEL_DISPATCH",4,1,912435,403,34,"statevec_controlledNotKernel",403,2470250080054106,2470250097799484,0,0,128,1,1,2147483648,1,1
"KERNEL_DISPATCH",4,1,912435,404,30,"statevec_controlledCompactUnitaryKernel",404,2470250097799484,2470250121933229,0,0,128,1,1,1073741824,1,1
"KERNEL_DISPATCH",4,1,912435,405,34,"statevec_controlledNotKernel",405,2470250121933229,2470250141394001,0,0,128,1,1,2147483648,1,1
"KERNEL_DISPATCH",4,1,912435,406,34,"statevec_controlledNotKernel",406,2470250141394001,2470250158360827,0,0,128,1,1,2147483648,1,1
"KERNEL_DISPATCH",4,1,912435,407,30,"statevec_controlledCompactUnitaryKernel",407,2470250158360885,2470250182366270,0,0,128,1,1,1073741824,1,1
"KERNEL_DISPATCH",4,1,912435,408,34,"statevec_controlledNotKernel",408,2470250182366270,2470250199399515,0,0,128,1,1,2147483648,1,1
"KERNEL_DISPATCH",4,1,912435,409,34,"statevec_controlledNotKernel",409,2470250199399515,2470250215297919,0,0,128,1,1,2147483648,1,1
"KERNEL_DISPATCH",4,1,912435,410,30,"statevec_controlledCompactUnitaryKernel",410,2470250215297919,2470250239275424,0,0,128,1,1,1073741824,1,1
"KERNEL_DISPATCH",4,1,912435,411,34,"statevec_controlledNotKernel",411,2470250239275359,2470250255235482,0,0,128,1,1,2147483648,1,1
"KERNEL_DISPATCH",4,1,912435,412,34,"statevec_controlledNotKernel",412,2470250255235482,2470250276105178,0,0,128,1,1,2147483648,1,1
"KERNEL_DISPATCH",4,1,912435,413,30,"statevec_controlledCompactUnitaryKernel",413,2470250276105178,2470250299898482,0,0,128,1,1,1073741824,1,1
"KERNEL_DISPATCH",4,1,912435,414,34,"statevec_controlledNotKernel",414,2470250299898468,2470250321675167,0,0,128,1,1,2147483648,1,1
"KERNEL_DISPATCH",4,1,912435,415,34,"statevec_controlledNotKernel",415,2470250321675167,2470250338497012,0,0,128,1,1,2147483648,1,1
"KERNEL_DISPATCH",4,1,912435,416,30,"statevec_controlledCompactUnitaryKernel",416,2470250338497012,2470250362554157,0,0,128,1,1,1073741824,1,1
"KERNEL_DISPATCH",4,1,912435,417,34,"statevec_controlledNotKernel",417,2470250362554157,2470250381557928,0,0,128,1,1,2147483648,1,1
"KERNEL_DISPATCH",4,1,912435,418,34,"statevec_controlledNotKernel",418,2470250381557935,2470250397612098,0,0,128,1,1,2147483648,1,1
"KERNEL_DISPATCH",4,1,912435,419,30,"statevec_controlledCompactUnitaryKernel",419,2470250397613858,2470250421623562,0,0,128,1,1,1073741824,1,1
"KERNEL_DISPATCH",4,1,912435,420,34,"statevec_controlledNotKernel",420,2470250421623562,2470250437759606,0,0,128,1,1,2147483648,1,1
"KERNEL_DISPATCH",4,1,912435,421,34,"statevec_controlledNotKernel",421,2470250437761406,2470250454135580,0,0,128,1,1,2147483648,1,1
"KERNEL_DISPATCH",4,1,912435,422,30,"statevec_controlledCompactUnitaryKernel",422,2470250454137197,2470250478237582,0,0,128,1,1,1073741824,1,1
"KERNEL_DISPATCH",4,1,912435,423,34,"statevec_controlledNotKernel",423,2470250478237582,2470250494691545,0,0,128,1,1,2147483648,1,1
"KERNEL_DISPATCH",4,1,912435,424,34,"statevec_controlledNotKernel",424,2470250494693465,2470250510784789,0,0,128,1,1,2147483648,1,1
"KERNEL_DISPATCH",4,1,912435,425,30,"statevec_controlledCompactUnitaryKernel",425,2470250510786549,2470250534607013,0,0,128,1,1,1073741824,1,1
"KERNEL_DISPATCH",4,1,912435,426,34,"statevec_controlledNotKernel",426,2470250534607260,2470250550817954,0,0,128,1,1,2147483648,1,1
"KERNEL_DISPATCH",4,1,912435,427,34,"statevec_controlledNotKernel",427,2470250550819794,2470250567074277,0,0,128,1,1,2147483648,1,1
"KERNEL_DISPATCH",4,1,912435,428,30,"statevec_controlledCompactUnitaryKernel",428,2470250567076077,2470250591208943,0,0,128,1,1,1073741824,1,1
"KERNEL_DISPATCH",4,1,912435,429,34,"statevec_controlledNotKernel",429,2470250591208943,2470250607355387,0,0,128,1,1,2147483648,1,1
"KERNEL_DISPATCH",4,1,912435,430,34,"statevec_controlledNotKernel",430,2470250607357252,2470250623491946,0,0,128,1,1,2147483648,1,1
"KERNEL_DISPATCH",4,1,912435,431,30,"statevec_controlledCompactUnitaryKernel",431,2470250623493546,2470250647454130,0,0,128,1,1,1073741824,1,1
"KERNEL_DISPATCH",4,1,912435,432,34,"statevec_controlledNotKernel",432,2470250647454130,2470250663458224,0,0,128,1,1,2147483648,1,1
"KERNEL_DISPATCH",4,1,912435,433,34,"statevec_controlledNotKernel",433,2470250663459904,2470250679674668,0,0,128,1,1,2147483648,1,1
"KERNEL_DISPATCH",4,1,912435,434,30,"statevec_controlledCompactUnitaryKernel",434,2470250679674753,2470250703804379,0,0,128,1,1,1073741824,1,1
"KERNEL_DISPATCH",4,1,912435,435,34,"statevec_controlledNotKernel",435,2470250703804379,2470250721334266,0,0,128,1,1,2147483648,1,1
"KERNEL_DISPATCH",4,1,912435,436,34,"statevec_controlledNotKernel",436,2470250721334266,2470250737431950,0,0,128,1,1,2147483648,1,1
"KERNEL_DISPATCH",4,1,912435,437,30,"statevec_controlledCompactUnitaryKernel",437,2470250737433550,2470250761516376,0,0,128,1,1,1073741824,1,1
"KERNEL_DISPATCH",4,1,912435,438,34,"statevec_controlledNotKernel",438,2470250761516043,2470250777705846,0,0,128,1,1,2147483648,1,1
"KERNEL_DISPATCH",4,1,912435,439,34,"statevec_controlledNotKernel",439,2470250777707486,2470250804570318,0,0,128,1,1,2147483648,1,1
"KERNEL_DISPATCH",4,1,912435,440,30,"statevec_controlledCompactUnitaryKernel",440,2470250804571958,2470250828786703,0,0,128,1,1,1073741824,1,1
"KERNEL_DISPATCH",4,1,912435,441,34,"statevec_controlledNotKernel",441,2470250828787498,2470250855567852,0,0,128,1,1,2147483648,1,1
"KERNEL_DISPATCH",4,1,912435,442,34,"statevec_controlledNotKernel",442,2470250855569372,2470250882259855,0,0,128,1,1,2147483648,1,1
"KERNEL_DISPATCH",4,1,912435,443,30,"statevec_controlledCompactUnitaryKernel",443,2470250882261495,2470250906292962,0,0,128,1,1,1073741824,1,1
"KERNEL_DISPATCH",4,1,912435,444,34,"statevec_controlledNotKernel",444,2470250906292405,2470250932647376,0,0,128,1,1,2147483648,1,1
"KERNEL_DISPATCH",4,1,912435,445,34,"statevec_controlledNotKernel",445,2470250932649016,2470250954812915,0,0,128,1,1,2147483648,1,1
"KERNEL_DISPATCH",4,1,912435,446,30,"statevec_controlledCompactUnitaryKernel",446,2470250954812915,2470250979061101,0,0,128,1,1,1073741824,1,1
"KERNEL_DISPATCH",4,1,912435,447,34,"statevec_controlledNotKernel",447,2470250979060868,2470251001031487,0,0,128,1,1,2147483648,1,1
"KERNEL_DISPATCH",4,1,912435,448,34,"statevec_controlledNotKernel",448,2470251001031487,2470251018773134,0,0,128,1,1,2147483648,1,1
"KERNEL_DISPATCH",4,1,912435,449,30,"statevec_controlledCompactUnitaryKernel",449,2470251018773134,2470251042904319,0,0,128,1,1,1073741824,1,1
"KERNEL_DISPATCH",4,1,912435,450,34,"statevec_controlledNotKernel",450,2470251042904319,2470251061722770,0,0,128,1,1,2147483648,1,1
"KERNEL_DISPATCH",4,1,912435,451,34,"statevec_controlledNotKernel",451,2470251061723027,2470251078758423,0,0,128,1,1,2147483648,1,1
"KERNEL_DISPATCH",4,1,912435,452,30,"statevec_controlledCompactUnitaryKernel",452,2470251078758423,2470251102659967,0,0,128,1,1,1073741824,1,1
"KERNEL_DISPATCH",4,1,912435,453,34,"statevec_controlledNotKernel",453,2470251102659967,2470251119627133,0,0,128,1,1,2147483648,1,1
"KERNEL_DISPATCH",4,1,912435,454,34,"statevec_controlledNotKernel",454,2470251119627133,2470251135438936,0,0,128,1,1,2147483648,1,1
"KERNEL_DISPATCH",4,1,912435,455,30,"statevec_controlledCompactUnitaryKernel",455,2470251135438672,2470251159238496,0,0,128,1,1,1073741824,1,1
"KERNEL_DISPATCH",4,1,912435,456,34,"statevec_controlledNotKernel",456,2470251159238496,2470251175127218,0,0,128,1,1,2147483648,1,1
"KERNEL_DISPATCH",4,1,912435,457,34,"statevec_controlledNotKernel",457,2470251175127218,2470251195985474,0,0,128,1,1,2147483648,1,1
"KERNEL_DISPATCH",4,1,912435,458,30,"statevec_controlledCompactUnitaryKernel",458,2470251195985474,2470251219927099,0,0,128,1,1,1073741824,1,1
"KERNEL_DISPATCH",4,1,912435,459,34,"statevec_controlledNotKernel",459,2470251219927567,2470251241690826,0,0,128,1,1,2147483648,1,1
"KERNEL_DISPATCH",4,1,912435,460,34,"statevec_controlledNotKernel",460,2470251241690826,2470251258428351,0,0,128,1,1,2147483648,1,1
"KERNEL_DISPATCH",4,1,912435,461,30,"statevec_controlledCompactUnitaryKernel",461,2470251258428351,2470251282405017,0,0,128,1,1,1073741824,1,1
"KERNEL_DISPATCH",4,1,912435,462,34,"statevec_controlledNotKernel",462,2470251282405017,2470251301341108,0,0,128,1,1,2147483648,1,1
"KERNEL_DISPATCH",4,1,912435,463,34,"statevec_controlledNotKernel",463,2470251301340893,2470251317363566,0,0,128,1,1,2147483648,1,1
"KERNEL_DISPATCH",4,1,912435,464,30,"statevec_controlledCompactUnitaryKernel",464,2470251317365286,2470251341526391,0,0,128,1,1,1073741824,1,1
"KERNEL_DISPATCH",4,1,912435,465,34,"statevec_controlledNotKernel",465,2470251341526391,2470251357596075,0,0,128,1,1,2147483648,1,1
"KERNEL_DISPATCH",4,1,912435,466,34,"statevec_controlledNotKernel",466,2470251357597795,2470251373942159,0,0,128,1,1,2147483648,1,1
"KERNEL_DISPATCH",4,1,912435,467,30,"statevec_controlledCompactUnitaryKernel",467,2470251373943936,2470251398008441,0,0,128,1,1,1073741824,1,1
"KERNEL_DISPATCH",4,1,912435,468,34,"statevec_controlledNotKernel",468,2470251398008441,2470251414423515,0,0,128,1,1,2147483648,1,1
"KERNEL_DISPATCH",4,1,912435,469,34,"statevec_controlledNotKernel",469,2470251414425275,2470251430598759,0,0,128,1,1,2147483648,1,1
"KERNEL_DISPATCH",4,1,912435,470,30,"statevec_controlledCompactUnitaryKernel",470,2470251430600519,2470251454887265,0,0,128,1,1,1073741824,1,1
"KERNEL_DISPATCH",4,1,912435,471,34,"statevec_controlledNotKernel",471,2470251454888088,2470251471377624,0,0,128,1,1,2147483648,1,1
"KERNEL_DISPATCH",4,1,912435,472,34,"statevec_controlledNotKernel",472,2470251471379464,2470251487460908,0,0,128,1,1,2147483648,1,1
"KERNEL_DISPATCH",4,1,912435,473,30,"statevec_controlledCompactUnitaryKernel",473,2470251487462628,2470251511388415,0,0,128,1,1,1073741824,1,1
"KERNEL_DISPATCH",4,1,912435,474,34,"statevec_controlledNotKernel",474,2470251511388415,2470251527384920,0,0,128,1,1,2147483648,1,1
"KERNEL_DISPATCH",4,1,912435,475,34,"statevec_controlledNotKernel",475,2470251527386260,2470251543649305,0,0,128,1,1,2147483648,1,1
"KERNEL_DISPATCH",4,1,912435,476,30,"statevec_controlledCompactUnitaryKernel",476,2470251543651065,2470251567835131,0,0,128,1,1,1073741824,1,1
"KERNEL_DISPATCH",4,1,912435,477,34,"statevec_controlledNotKernel",477,2470251567834706,2470251616207358,0,0,128,1,1,2147483648,1,1
"KERNEL_DISPATCH",4,1,912435,478,34,"statevec_controlledNotKernel",478,2470251616211358,2470251632758122,0,0,128,1,1,2147483648,1,1
"KERNEL_DISPATCH",4,1,912435,479,30,"statevec_controlledCompactUnitaryKernel",479,2470251632759882,2470251656919708,0,0,128,1,1,1073741824,1,1
"KERNEL_DISPATCH",4,1,912435,480,34,"statevec_controlledNotKernel",480,2470251656919708,2470251674500876,0,0,128,1,1,2147483648,1,1
"KERNEL_DISPATCH",4,1,912435,481,34,"statevec_controlledNotKernel",481,2470251674500872,2470251690531525,0,0,128,1,1,2147483648,1,1
"KERNEL_DISPATCH",4,1,912435,482,30,"statevec_controlledCompactUnitaryKernel",482,2470251690533165,2470251714659590,0,0,128,1,1,1073741824,1,1
"KERNEL_DISPATCH",4,1,912435,483,34,"statevec_controlledNotKernel",483,2470251714659590,2470251730871994,0,0,128,1,1,2147483648,1,1
"KERNEL_DISPATCH",4,1,912435,484,34,"statevec_controlledNotKernel",484,2470251730873738,2470251757744381,0,0,128,1,1,2147483648,1,1
"KERNEL_DISPATCH",4,1,912435,485,30,"statevec_controlledCompactUnitaryKernel",485,2470251757746061,2470251781964206,0,0,128,1,1,1073741824,1,1
"KERNEL_DISPATCH",4,1,912435,486,34,"statevec_controlledNotKernel",486,2470251781964206,2470251809163080,0,0,128,1,1,2147483648,1,1
"KERNEL_DISPATCH",4,1,912435,487,34,"statevec_controlledNotKernel",487,2470251809164795,2470251835848948,0,0,128,1,1,2147483648,1,1
"KERNEL_DISPATCH",4,1,912435,488,30,"statevec_controlledCompactUnitaryKernel",488,2470251835850708,2470251859897813,0,0,128,1,1,1073741824,1,1
"KERNEL_DISPATCH",4,1,912435,489,34,"statevec_controlledNotKernel",489,2470251859897813,2470251886469975,0,0,128,1,1,2147483648,1,1
"KERNEL_DISPATCH",4,1,912435,490,34,"statevec_controlledNotKernel",490,2470251886471640,2470251908481380,0,0,128,1,1,2147483648,1,1
"KERNEL_DISPATCH",4,1,912435,491,30,"statevec_controlledCompactUnitaryKernel",491,2470251908483060,2470251932451404,0,0,128,1,1,1073741824,1,1
"KERNEL_DISPATCH",4,1,912435,492,34,"statevec_controlledNotKernel",492,2470251932451404,2470251954422224,0,0,128,1,1,2147483648,1,1
"KERNEL_DISPATCH",4,1,912435,493,34,"statevec_controlledNotKernel",493,2470251954422228,2470251972006716,0,0,128,1,1,2147483648,1,1
"KERNEL_DISPATCH",4,1,912435,494,30,"statevec_controlledCompactUnitaryKernel",494,2470251972006716,2470251995945140,0,0,128,1,1,1073741824,1,1
"KERNEL_DISPATCH",4,1,912435,495,34,"statevec_controlledNotKernel",495,2470251995945140,2470252015356193,0,0,128,1,1,2147483648,1,1
"KERNEL_DISPATCH",4,1,912435,496,34,"statevec_controlledNotKernel",496,2470252015356193,2470252032443760,0,0,128,1,1,2147483648,1,1
"KERNEL_DISPATCH",4,1,912435,497,30,"statevec_controlledCompactUnitaryKernel",497,2470252032443827,2470252056472612,0,0,128,1,1,1073741824,1,1
"KERNEL_DISPATCH",4,1,912435,498,34,"statevec_controlledNotKernel",498,2470252056472612,2470252073524378,0,0,128,1,1,2147483648,1,1
"KERNEL_DISPATCH",4,1,912435,499,34,"statevec_controlledNotKernel",499,2470252073524378,2470252089454101,0,0,128,1,1,2147483648,1,1
"KERNEL_DISPATCH",4,1,912435,500,30,"statevec_controlledCompactUnitaryKernel",500,2470252089455981,2470252113618687,0,0,128,1,1,1073741824,1,1
"KERNEL_DISPATCH",4,1,912435,501,34,"statevec_controlledNotKernel",501,2470252113618383,2470252129631666,0,0,128,1,1,2147483648,1,1
"KERNEL_DISPATCH",4,1,912435,502,34,"statevec_controlledNotKernel",502,2470252129631666,2470252150471321,0,0,128,1,1,2147483648,1,1
"KERNEL_DISPATCH",4,1,912435,503,30,"statevec_controlledCompactUnitaryKernel",503,2470252150471321,2470252174474186,0,0,128,1,1,1073741824,1,1
"KERNEL_DISPATCH",4,1,912435,504,34,"statevec_controlledNotKernel",504,2470252174474381,2470252196260400,0,0,128,1,1,2147483648,1,1
"KERNEL_DISPATCH",4,1,912435,505,34,"statevec_controlledNotKernel",505,2470252196260400,2470252213040805,0,0,128,1,1,2147483648,1,1
"KERNEL_DISPATCH",4,1,912435,506,30,"statevec_controlledCompactUnitaryKernel",506,2470252213040805,2470252237199910,0,0,128,1,1,1073741824,1,1
"KERNEL_DISPATCH",4,1,912435,507,34,"statevec_controlledNotKernel",507,2470252237199910,2470252256285002,0,0,128,1,1,2147483648,1,1
"KERNEL_DISPATCH",4,1,912435,508,34,"statevec_controlledNotKernel",508,2470252256285008,2470252272381572,0,0,128,1,1,2147483648,1,1
"KERNEL_DISPATCH",4,1,912435,509,30,"statevec_controlledCompactUnitaryKernel",509,2470252272383492,2470252296469877,0,0,128,1,1,1073741824,1,1
"KERNEL_DISPATCH",4,1,912435,510,34,"statevec_controlledNotKernel",510,2470252296469877,2470252312448000,0,0,128,1,1,2147483648,1,1
"KERNEL_DISPATCH",4,1,912435,511,34,"statevec_controlledNotKernel",511,2470252312449880,2470252328784604,0,0,128,1,1,2147483648,1,1
"KERNEL_DISPATCH",4,1,912435,512,30,"statevec_controlledCompactUnitaryKernel",512,2470252328786560,2470252352980586,0,0,128,1,1,1073741824,1,1
"KERNEL_DISPATCH",4,1,912435,513,34,"statevec_controlledNotKernel",513,2470252352987626,2470252369458670,0,0,128,1,1,2147483648,1,1
"KERNEL_DISPATCH",4,1,912435,514,34,"statevec_controlledNotKernel",514,2470252369460510,2470252385655924,0,0,128,1,1,2147483648,1,1
"KERNEL_DISPATCH",4,1,912435,515,30,"statevec_controlledCompactUnitaryKernel",515,2470252385657724,2470252409710070,0,0,128,1,1,1073741824,1,1
"KERNEL_DISPATCH",4,1,912435,516,34,"statevec_controlledNotKernel",516,2470252409710014,2470252425827858,0,0,128,1,1,2147483648,1,1
"KERNEL_DISPATCH",4,1,912435,517,34,"statevec_controlledNotKernel",517,2470252425829658,2470252442065781,0,0,128,1,1,2147483648,1,1
"KERNEL_DISPATCH",4,1,912435,518,30,"statevec_controlledCompactUnitaryKernel",518,2470252442067621,2470252466204007,0,0,128,1,1,1073741824,1,1
"KERNEL_DISPATCH",4,1,912435,519,34,"statevec_controlledNotKernel",519,2470252466204007,2470252482424571,0,0,128,1,1,2147483648,1,1
"KERNEL_DISPATCH",4,1,912435,520,34,"statevec_controlledNotKernel",520,2470252482426547,2470252498667331,0,0,128,1,1,2147483648,1,1
"KERNEL_DISPATCH",4,1,912435,521,30,"statevec_controlledCompactUnitaryKernel",521,2470252498669211,2470252522734036,0,0,128,1,1,1073741824,1,1
"KERNEL_DISPATCH",4,1,912435,522,34,"statevec_controlledNotKernel",522,2470252522734036,2470252538844090,0,0,128,1,1,2147483648,1,1
"KERNEL_DISPATCH",4,1,912435,523,34,"statevec_controlledNotKernel",523,2470252538846010,2470252555063294,0,0,128,1,1,2147483648,1,1
"KERNEL_DISPATCH",4,1,912435,524,30,"statevec_controlledCompactUnitaryKernel",524,2470252555063269,2470252579191175,0,0,128,1,1,1073741824,1,1
"KERNEL_DISPATCH",4,1,912435,525,34,"statevec_controlledNotKernel",525,2470252579191175,2470252595704739,0,0,128,1,1,2147483648,1,1
"KERNEL_DISPATCH",4,1,912435,526,34,"statevec_controlledNotKernel",526,2470252595704739,2470252611813153,0,0,128,1,1,2147483648,1,1
"KERNEL_DISPATCH",4,1,912435,527,30,"statevec_controlledCompactUnitaryKernel",527,2470252611814993,2470252635778419,0,0,128,1,1,1073741824,1,1
"KERNEL_DISPATCH",4,1,912435,528,34,"statevec_controlledNotKernel",528,2470252635778324,2470252652612190,0,0,128,1,1,2147483648,1,1
"KERNEL_DISPATCH",4,1,912435,529,34,"statevec_controlledNotKernel",529,2470252652613990,2470252679499782,0,0,128,1,1,2147483648,1,1
"KERNEL_DISPATCH",4,1,912435,530,30,"statevec_controlledCompactUnitaryKernel",530,2470252679501582,2470252703605248,0,0,128,1,1,1073741824,1,1
"KERNEL_DISPATCH",4,1,912435,531,34,"statevec_controlledNotKernel",531,2470252703605073,2470252730570506,0,0,128,1,1,2147483648,1,1
"KERNEL_DISPATCH",4,1,912435,532,34,"statevec_controlledNotKernel",532,2470252730572306,2470252757357368,0,0,128,1,1,2147483648,1,1
"KERNEL_DISPATCH",4,1,912435,533,30,"statevec_controlledCompactUnitaryKernel",533,2470252757357368,2470252781418113,0,0,128,1,1,1073741824,1,1
"KERNEL_DISPATCH",4,1,912435,534,34,"statevec_controlledNotKernel",534,2470252781418359,2470252807815301,0,0,128,1,1,2147483648,1,1
"KERNEL_DISPATCH",4,1,912435,535,34,"statevec_controlledNotKernel",535,2470252807817261,2470252829920680,0,0,128,1,1,2147483648,1,1
"KERNEL_DISPATCH",4,1,912435,536,30,"statevec_controlledCompactUnitaryKernel",536,2470252829922520,2470252853972906,0,0,128,1,1,1073741824,1,1
"KERNEL_DISPATCH",4,1,912435,537,34,"statevec_controlledNotKernel",537,2470252853972911,2470252876019211,0,0,128,1,1,2147483648,1,1
"KERNEL_DISPATCH",4,1,912435,538,34,"statevec_controlledNotKernel",538,2470252876019211,2470252893825539,0,0,128,1,1,2147483648,1,1
"KERNEL_DISPATCH",4,1,912435,539,30,"statevec_controlledCompactUnitaryKernel",539,2470252893825539,2470252917901764,0,0,128,1,1,1073741824,1,1
"KERNEL_DISPATCH",4,1,912435,540,34,"statevec_controlledNotKernel",540,2470252917901764,2470252936744456,0,0,128,1,1,2147483648,1,1
"KERNEL_DISPATCH",4,1,912435,541,34,"statevec_controlledNotKernel",541,2470252936744251,2470252953778497,0,0,128,1,1,2147483648,1,1
"KERNEL_DISPATCH",4,1,912435,542,30,"statevec_controlledCompactUnitaryKernel",542,2470252953778497,2470252977704401,0,0,128,1,1,1073741824,1,1
"KERNEL_DISPATCH",4,1,912435,543,34,"statevec_controlledNotKernel",543,2470252977704401,2470252994798167,0,0,128,1,1,2147483648,1,1
"KERNEL_DISPATCH",4,1,912435,544,34,"statevec_controlledNotKernel",544,2470252994798167,2470253010693170,0,0,128,1,1,2147483648,1,1
"KERNEL_DISPATCH",4,1,912435,545,30,"statevec_controlledCompactUnitaryKernel",545,2470253010693387,2470253034678452,0,0,128,1,1,1073741824,1,1
"KERNEL_DISPATCH",4,1,912435,546,34,"statevec_controlledNotKernel",546,2470253034678452,2470253050605295,0,0,128,1,1,2147483648,1,1
"KERNEL_DISPATCH",4,1,912435,547,34,"statevec_controlledNotKernel",547,2470253050605295,2470253071378551,0,0,128,1,1,2147483648,1,1
"KERNEL_DISPATCH",4,1,912435,548,30,"statevec_controlledCompactUnitaryKernel",548,2470253071378551,2470253095228016,0,0,128,1,1,1073741824,1,1
"KERNEL_DISPATCH",4,1,912435,549,34,"statevec_controlledNotKernel",549,2470253095228251,2470253116999351,0,0,128,1,1,2147483648,1,1
"KERNEL_DISPATCH",4,1,912435,550,34,"statevec_controlledNotKernel",550,2470253116999351,2470253133773876,0,0,128,1,1,2147483648,1,1
"KERNEL_DISPATCH",4,1,912435,551,30,"statevec_controlledCompactUnitaryKernel",551,2470253133773876,2470253157740022,0,0,128,1,1,1073741824,1,1
"KERNEL_DISPATCH",4,1,912435,552,34,"statevec_controlledNotKernel",552,2470253157740022,2470253176143113,0,0,128,1,1,2147483648,1,1
"KERNEL_DISPATCH",4,1,912435,553,34,"statevec_controlledNotKernel",553,2470253176142886,2470253192329730,0,0,128,1,1,2147483648,1,1
"KERNEL_DISPATCH",4,1,912435,554,30,"statevec_controlledCompactUnitaryKernel",554,2470253192331450,2470253216433395,0,0,128,1,1,1073741824,1,1
"KERNEL_DISPATCH",4,1,912435,555,34,"statevec_controlledNotKernel",555,2470253216433395,2470253232449909,0,0,128,1,1,2147483648,1,1
"KERNEL_DISPATCH",4,1,912435,556,34,"statevec_controlledNotKernel",556,2470253232451709,2470253248769913,0,0,128,1,1,2147483648,1,1
"KERNEL_DISPATCH",4,1,912435,557,30,"statevec_controlledCompactUnitaryKernel",557,2470253248771757,2470253272873583,0,0,128,1,1,1073741824,1,1
"KERNEL_DISPATCH",4,1,912435,558,34,"statevec_controlledNotKernel",558,2470253272873583,2470253289723348,0,0,128,1,1,2147483648,1,1
"KERNEL_DISPATCH",4,1,912435,559,34,"statevec_controlledNotKernel",559,2470253289725188,2470253305769012,0,0,128,1,1,2147483648,1,1
"KERNEL_DISPATCH",4,1,912435,560,30,"statevec_controlledCompactUnitaryKernel",560,2470253305770612,2470253329764158,0,0,128,1,1,1073741824,1,1
"KERNEL_DISPATCH",4,1,912435,561,34,"statevec_controlledNotKernel",561,2470253329763804,2470253345801367,0,0,128,1,1,2147483648,1,1
"KERNEL_DISPATCH",4,1,912435,562,34,"statevec_controlledNotKernel",562,2470253345802927,2470253361855730,0,0,128,1,1,2147483648,1,1
"KERNEL_DISPATCH",4,1,912435,563,30,"statevec_controlledCompactUnitaryKernel",563,2470253361857330,2470253385949955,0,0,128,1,1,1073741824,1,1
"KERNEL_DISPATCH",4,1,912435,564,34,"statevec_controlledNotKernel",564,2470253385949955,2470253401973768,0,0,128,1,1,2147483648,1,1
"KERNEL_DISPATCH",4,1,912435,565,34,"statevec_controlledNotKernel",565,2470253401975495,2470253418274619,0,0,128,1,1,2147483648,1,1
"KERNEL_DISPATCH",4,1,912435,566,30,"statevec_controlledCompactUnitaryKernel",566,2470253418276219,2470253442369483,0,0,128,1,1,1073741824,1,1
"KERNEL_DISPATCH",4,1,912435,567,34,"statevec_controlledNotKernel",567,2470253442369483,2470253458563607,0,0,128,1,1,2147483648,1,1
"KERNEL_DISPATCH",4,1,912435,568,34,"statevec_controlledNotKernel",568,2470253458565327,2470253474719611,0,0,128,1,1,2147483648,1,1
"KERNEL_DISPATCH",4,1,912435,569,30,"statevec_controlledCompactUnitaryKernel",569,2470253474719946,2470253498780532,0,0,128,1,1,1073741824,1,1
"KERNEL_DISPATCH",4,1,912435,570,34,"statevec_controlledNotKernel",570,2470253498780532,2470253515796458,0,0,128,1,1,2147483648,1,1
"KERNEL_DISPATCH",4,1,912435,571,34,"statevec_controlledNotKernel",571,2470253515796458,2470253531961702,0,0,128,1,1,2147483648,1,1
"KERNEL_DISPATCH",4,1,912435,572,30,"statevec_controlledCompactUnitaryKernel",572,2470253531963422,2470253556064168,0,0,128,1,1,1073741824,1,1
"KERNEL_DISPATCH",4,1,912435,573,34,"statevec_controlledNotKernel",573,2470253556064101,2470253572198395,0,0,128,1,1,2147483648,1,1
"KERNEL_DISPATCH",4,1,912435,574,34,"statevec_controlledNotKernel",574,2470253572200195,2470253599091228,0,0,128,1,1,2147483648,1,1
"KERNEL_DISPATCH",4,1,912435,575,30,"statevec_controlledCompactUnitaryKernel",575,2470253599092908,2470253623197533,0,0,128,1,1,1073741824,1,1
"KERNEL_DISPATCH",4,1,912435,576,34,"statevec_controlledNotKernel",576,2470253623197500,2470253650065973,0,0,128,1,1,2147483648,1,1
"KERNEL_DISPATCH",4,1,912435,577,34,"statevec_controlledNotKernel",577,2470253650067573,2470253676825895,0,0,128,1,1,2147483648,1,1
"KERNEL_DISPATCH",4,1,912435,578,30,"statevec_controlledCompactUnitaryKernel",578,2470253676825895,2470253700959081,0,0,128,1,1,1073741824,1,1
"KERNEL_DISPATCH",4,1,912435,579,34,"statevec_controlledNotKernel",579,2470253700959135,2470253727356857,0,0,128,1,1,2147483648,1,1
"KERNEL_DISPATCH",4,1,912435,580,34,"statevec_controlledNotKernel",580,2470253727358457,2470253749459677,0,0,128,1,1,2147483648,1,1
"KERNEL_DISPATCH",4,1,912435,581,30,"statevec_controlledCompactUnitaryKernel",581,2470253749461237,2470253773454342,0,0,128,1,1,1073741824,1,1
"KERNEL_DISPATCH",4,1,912435,582,34,"statevec_controlledNotKernel",582,2470253773454081,2470253861181399,0,0,128,1,1,2147483648,1,1
"KERNEL_DISPATCH",4,1,912435,583,34,"statevec_controlledNotKernel",583,2470253861181399,2470253879404007,0,0,128,1,1,2147483648,1,1
"KERNEL_DISPATCH",4,1,912435,584,30,"statevec_controlledCompactUnitaryKernel",584,2470253879404007,2470253903594993,0,0,128,1,1,1073741824,1,1
"KERNEL_DISPATCH",4,1,912435,585,34,"statevec_controlledNotKernel",585,2470253903594993,2470253923334006,0,0,128,1,1,2147483648,1,1
"KERNEL_DISPATCH",4,1,912435,586,34,"statevec_controlledNotKernel",586,2470253923334223,2470253940495500,0,0,128,1,1,2147483648,1,1
"KERNEL_DISPATCH",4,1,912435,587,30,"statevec_controlledCompactUnitaryKernel",587,2470253940495500,2470253964567805,0,0,128,1,1,1073741824,1,1
"KERNEL_DISPATCH",4,1,912435,588,34,"statevec_controlledNotKernel",588,2470253964567805,2470253981635771,0,0,128,1,1,2147483648,1,1
"KERNEL_DISPATCH",4,1,912435,589,34,"statevec_controlledNotKernel",589,2470253981635771,2470253997645615,0,0,128,1,1,2147483648,1,1
"KERNEL_DISPATCH",4,1,912435,590,30,"statevec_controlledCompactUnitaryKernel",590,2470253997647299,2470254021819005,0,0,128,1,1,1073741824,1,1
"KERNEL_DISPATCH",4,1,912435,591,34,"statevec_controlledNotKernel",591,2470254021819005,2470254037765378,0,0,128,1,1,2147483648,1,1
"KERNEL_DISPATCH",4,1,912435,592,34,"statevec_controlledNotKernel",592,2470254037767138,2470254058603715,0,0,128,1,1,2147483648,1,1
"KERNEL_DISPATCH",4,1,912435,593,30,"statevec_controlledCompactUnitaryKernel",593,2470254058603715,2470254082750901,0,0,128,1,1,1073741824,1,1
"KERNEL_DISPATCH",4,1,912435,594,34,"statevec_controlledNotKernel",594,2470254082750796,2470254104527735,0,0,128,1,1,2147483648,1,1
"KERNEL_DISPATCH",4,1,912435,595,34,"statevec_controlledNotKernel",595,2470254104527735,2470254121337300,0,0,128,1,1,2147483648,1,1
"KERNEL_DISPATCH",4,1,912435,596,30,"statevec_controlledCompactUnitaryKernel",596,2470254121337300,2470254145371006,0,0,128,1,1,1073741824,1,1
"KERNEL_DISPATCH",4,1,912435,597,34,"statevec_controlledNotKernel",597,2470254145371006,2470254164397418,0,0,128,1,1,2147483648,1,1
"KERNEL_DISPATCH",4,1,912435,598,34,"statevec_controlledNotKernel",598,2470254164397433,2470254180571277,0,0,128,1,1,2147483648,1,1
"KERNEL_DISPATCH",4,1,912435,599,30,"statevec_controlledCompactUnitaryKernel",599,2470254180572997,2470254204642342,0,0,128,1,1,1073741824,1,1
"KERNEL_DISPATCH",4,1,912435,600,34,"statevec_controlledNotKernel",600,2470254204642342,2470254220831706,0,0,128,1,1,2147483648,1,1
"KERNEL_DISPATCH",4,1,912435,601,34,"statevec_controlledNotKernel",601,2470254220833466,2470254237224771,0,0,128,1,1,2147483648,1,1
"KERNEL_DISPATCH",4,1,912435,602,30,"statevec_controlledCompactUnitaryKernel",602,2470254237226277,2470254261368982,0,0,128,1,1,1073741824,1,1
"KERNEL_DISPATCH",4,1,912435,603,34,"statevec_controlledNotKernel",603,2470254261368982,2470254277986586,0,0,128,1,1,2147483648,1,1
"KERNEL_DISPATCH",4,1,912435,604,34,"statevec_controlledNotKernel",604,2470254277988346,2470254294265021,0,0,128,1,1,2147483648,1,1
"KERNEL_DISPATCH",4,1,912435,605,30,"statevec_controlledCompactUnitaryKernel",605,2470254294266741,2470254318488206,0,0,128,1,1,1073741824,1,1
"KERNEL_DISPATCH",4,1,912435,606,34,"statevec_controlledNotKernel",606,2470254318488451,2470254334623655,0,0,128,1,1,2147483648,1,1
"KERNEL_DISPATCH",4,1,912435,607,34,"statevec_controlledNotKernel",607,2470254334625455,2470254350815018,0,0,128,1,1,2147483648,1,1
"KERNEL_DISPATCH",4,1,912435,608,30,"statevec_controlledCompactUnitaryKernel",608,2470254350816778,2470254374910444,0,0,128,1,1,1073741824,1,1
"KERNEL_DISPATCH",4,1,912435,609,34,"statevec_controlledNotKernel",609,2470254374910444,2470254391173289,0,0,128,1,1,2147483648,1,1
"KERNEL_DISPATCH",4,1,912435,610,34,"statevec_controlledNotKernel",610,2470254391175004,2470254407474318,0,0,128,1,1,2147483648,1,1
"KERNEL_DISPATCH",4,1,912435,611,30,"statevec_controlledCompactUnitaryKernel",611,2470254407476038,2470254431600543,0,0,128,1,1,1073741824,1,1
"KERNEL_DISPATCH",4,1,912435,612,34,"statevec_controlledNotKernel",612,2470254431600543,2470254447663597,0,0,128,1,1,2147483648,1,1
"KERNEL_DISPATCH",4,1,912435,613,34,"statevec_controlledNotKernel",613,2470254447665237,2470254463882761,0,0,128,1,1,2147483648,1,1
"KERNEL_DISPATCH",4,1,912435,614,30,"statevec_controlledCompactUnitaryKernel",614,2470254463882876,2470254488099022,0,0,128,1,1,1073741824,1,1
"KERNEL_DISPATCH",4,1,912435,615,34,"statevec_controlledNotKernel",615,2470254488099022,2470254504550666,0,0,128,1,1,2147483648,1,1
"KERNEL_DISPATCH",4,1,912435,616,34,"statevec_controlledNotKernel",616,2470254504550666,2470254520790201,0,0,128,1,1,2147483648,1,1
"KERNEL_DISPATCH",4,1,912435,617,30,"statevec_controlledCompactUnitaryKernel",617,2470254520792001,2470254545003147,0,0,128,1,1,1073741824,1,1
"KERNEL_DISPATCH",4,1,912435,618,34,"statevec_controlledNotKernel",618,2470254545003112,2470254561157626,0,0,128,1,1,2147483648,1,1
"KERNEL_DISPATCH",4,1,912435,619,34,"statevec_controlledNotKernel",619,2470254561159466,2470254588205179,0,0,128,1,1,2147483648,1,1
"KERNEL_DISPATCH",4,1,912435,620,30,"statevec_controlledCompactUnitaryKernel",620,2470254588206859,2470254612479166,0,0,128,1,1,1073741824,1,1
"KERNEL_DISPATCH",4,1,912435,621,34,"statevec_controlledNotKernel",621,2470254612479189,2470254639537913,0,0,128,1,1,2147483648,1,1
"KERNEL_DISPATCH",4,1,912435,622,34,"statevec_controlledNotKernel",622,2470254639539673,2470254666351986,0,0,128,1,1,2147483648,1,1
"KERNEL_DISPATCH",4,1,912435,623,30,"statevec_controlledCompactUnitaryKernel",623,2470254666353986,2470254690495012,0,0,128,1,1,1073741824,1,1
"KERNEL_DISPATCH",4,1,912435,624,34,"statevec_controlledNotKernel",624,2470254690495026,2470254717032708,0,0,128,1,1,2147483648,1,1
"KERNEL_DISPATCH",4,1,912435,625,34,"statevec_controlledNotKernel",625,2470254717032708,2470254739215688,0,0,128,1,1,2147483648,1,1
"KERNEL_DISPATCH",4,1,912435,626,30,"statevec_controlledCompactUnitaryKernel",626,2470254739217648,2470254763368394,0,0,128,1,1,1073741824,1,1
"KERNEL_DISPATCH",4,1,912435,627,34,"statevec_controlledNotKernel",627,2470254763368557,2470254785568658,0,0,128,1,1,2147483648,1,1
"KERNEL_DISPATCH",4,1,912435,628,34,"statevec_controlledNotKernel",628,2470254785568658,2470254803337906,0,0,128,1,1,2147483648,1,1
"KERNEL_DISPATCH",4,1,912435,629,30,"statevec_controlledCompactUnitaryKernel",629,2470254803337906,2470254827513052,0,0,128,1,1,1073741824,1,1
"KERNEL_DISPATCH",4,1,912435,630,34,"statevec_controlledNotKernel",630,2470254827513052,2470254847204707,0,0,128,1,1,2147483648,1,1
"KERNEL_DISPATCH",4,1,912435,631,34,"statevec_controlledNotKernel",631,2470254847204520,2470254864422527,0,0,128,1,1,2147483648,1,1
"KERNEL_DISPATCH",4,1,912435,632,30,"statevec_controlledCompactUnitaryKernel",632,2470254864422527,2470254888529032,0,0,128,1,1,1073741824,1,1
"KERNEL_DISPATCH",4,1,912435,633,34,"statevec_controlledNotKernel",633,2470254888529032,2470254905578719,0,0,128,1,1,2147483648,1,1
"KERNEL_DISPATCH",4,1,912435,634,34,"statevec_controlledNotKernel",634,2470254905578719,2470254921435922,0,0,128,1,1,2147483648,1,1
"KERNEL_DISPATCH",4,1,912435,635,30,"statevec_controlledCompactUnitaryKernel",635,2470254921437938,2470254945413523,0,0,128,1,1,1073741824,1,1
"KERNEL_DISPATCH",4,1,912435,636,34,"statevec_controlledNotKernel",636,2470254945413523,2470254961303676,0,0,128,1,1,2147483648,1,1
"KERNEL_DISPATCH",4,1,912435,637,34,"statevec_controlledNotKernel",637,2470254961303676,2470254982184733,0,0,128,1,1,2147483648,1,1
"KERNEL_DISPATCH",4,1,912435,638,30,"statevec_controlledCompactUnitaryKernel",638,2470254982184733,2470255006317399,0,0,128,1,1,1073741824,1,1
"KERNEL_DISPATCH",4,1,912435,639,34,"statevec_controlledNotKernel",639,2470255006317304,2470255028110603,0,0,128,1,1,2147483648,1,1
"KERNEL_DISPATCH",4,1,912435,640,34,"statevec_controlledNotKernel",640,2470255028110603,2470255044889208,0,0,128,1,1,2147483648,1,1
"KERNEL_DISPATCH",4,1,912435,641,30,"statevec_controlledCompactUnitaryKernel",641,2470255044889208,2470255068950194,0,0,128,1,1,1073741824,1,1
"KERNEL_DISPATCH",4,1,912435,642,34,"statevec_controlledNotKernel",642,2470255068950194,2470255087384364,0,0,128,1,1,2147483648,1,1
"KERNEL_DISPATCH",4,1,912435,643,34,"statevec_controlledNotKernel",643,2470255087384369,2470255103566663,0,0,128,1,1,2147483648,1,1
"KERNEL_DISPATCH",4,1,912435,644,30,"statevec_controlledCompactUnitaryKernel",644,2470255103568583,2470255127551648,0,0,128,1,1,1073741824,1,1
"KERNEL_DISPATCH",4,1,912435,645,34,"statevec_controlledNotKernel",645,2470255127551648,2470255143648502,0,0,128,1,1,2147483648,1,1
"KERNEL_DISPATCH",4,1,912435,646,34,"statevec_controlledNotKernel",646,2470255143650422,2470255159881386,0,0,128,1,1,2147483648,1,1
"KERNEL_DISPATCH",4,1,912435,647,30,"statevec_controlledCompactUnitaryKernel",647,2470255159883420,2470255183890566,0,0,128,1,1,1073741824,1,1
"KERNEL_DISPATCH",4,1,912435,648,34,"statevec_controlledNotKernel",648,2470255183890566,2470255200249690,0,0,128,1,1,2147483648,1,1
"KERNEL_DISPATCH",4,1,912435,649,34,"statevec_controlledNotKernel",649,2470255200251650,2470255216474984,0,0,128,1,1,2147483648,1,1
"KERNEL_DISPATCH",4,1,912435,650,30,"statevec_controlledCompactUnitaryKernel",650,2470255216476904,2470255240447090,0,0,128,1,1,1073741824,1,1
"KERNEL_DISPATCH",4,1,912435,651,34,"statevec_controlledNotKernel",651,2470255240447113,2470255256520027,0,0,128,1,1,2147483648,1,1
"KERNEL_DISPATCH",4,1,912435,652,34,"statevec_controlledNotKernel",652,2470255256521907,2470255272633360,0,0,128,1,1,2147483648,1,1
"KERNEL_DISPATCH",4,1,912435,653,30,"statevec_controlledCompactUnitaryKernel",653,2470255272635280,2470255296532306,0,0,128,1,1,1073741824,1,1
"KERNEL_DISPATCH",4,1,912435,654,34,"statevec_controlledNotKernel",654,2470255296532306,2470255312474619,0,0,128,1,1,2147483648,1,1
"KERNEL_DISPATCH",4,1,912435,655,34,"statevec_controlledNotKernel",655,2470255312476694,2470255328644738,0,0,128,1,1,2147483648,1,1
"KERNEL_DISPATCH",4,1,912435,656,30,"statevec_controlledCompactUnitaryKernel",656,2470255328646658,2470255352781684,0,0,128,1,1,1073741824,1,1
"KERNEL_DISPATCH",4,1,912435,657,34,"statevec_controlledNotKernel",657,2470255352781684,2470255368766287,0,0,128,1,1,2147483648,1,1
"KERNEL_DISPATCH",4,1,912435,658,34,"statevec_controlledNotKernel",658,2470255368768207,2470255384945132,0,0,128,1,1,2147483648,1,1
"KERNEL_DISPATCH",4,1,912435,659,30,"statevec_controlledCompactUnitaryKernel",659,2470255384945095,2470255409078961,0,0,128,1,1,1073741824,1,1
"KERNEL_DISPATCH",4,1,912435,660,34,"statevec_controlledNotKernel",660,2470255409078961,2470255425492085,0,0,128,1,1,2147483648,1,1
"KERNEL_DISPATCH",4,1,912435,661,34,"statevec_controlledNotKernel",661,2470255425492085,2470255441753660,0,0,128,1,1,2147483648,1,1
"KERNEL_DISPATCH",4,1,912435,662,30,"statevec_controlledCompactUnitaryKernel",662,2470255441755540,2470255465811046,0,0,128,1,1,1073741824,1,1
"KERNEL_DISPATCH",4,1,912435,663,34,"statevec_controlledNotKernel",663,2470255465810939,2470255482448824,0,0,128,1,1,2147483648,1,1
"KERNEL_DISPATCH",4,1,912435,664,34,"statevec_controlledNotKernel",664,2470255482450744,2470255509309217,0,0,128,1,1,2147483648,1,1
"KERNEL_DISPATCH",4,1,912435,665,30,"statevec_controlledCompactUnitaryKernel",665,2470255509311097,2470255533292322,0,0,128,1,1,1073741824,1,1
"KERNEL_DISPATCH",4,1,912435,666,34,"statevec_controlledNotKernel",666,2470255533292299,2470255560137452,0,0,128,1,1,2147483648,1,1
"KERNEL_DISPATCH",4,1,912435,667,34,"statevec_controlledNotKernel",667,2470255560137452,2470255586836934,0,0,128,1,1,2147483648,1,1
"KERNEL_DISPATCH",4,1,912435,668,30,"statevec_controlledCompactUnitaryKernel",668,2470255586838814,2470255610903760,0,0,128,1,1,1073741824,1,1
"KERNEL_DISPATCH",4,1,912435,669,34,"statevec_controlledNotKernel",669,2470255610903804,2470255637389076,0,0,128,1,1,2147483648,1,1
"KERNEL_DISPATCH",4,1,912435,670,34,"statevec_controlledNotKernel",670,2470255637389076,2470255659522416,0,0,128,1,1,2147483648,1,1
"KERNEL_DISPATCH",4,1,912435,671,30,"statevec_controlledCompactUnitaryKernel",671,2470255659524296,2470255683538002,0,0,128,1,1,1073741824,1,1
"KERNEL_DISPATCH",4,1,912435,672,34,"statevec_controlledNotKernel",672,2470255683538375,2470255705464475,0,0,128,1,1,2147483648,1,1
"KERNEL_DISPATCH",4,1,912435,673,34,"statevec_controlledNotKernel",673,2470255705464475,2470255723177973,0,0,128,1,1,2147483648,1,1
"KERNEL_DISPATCH",4,1,912435,674,30,"statevec_controlledCompactUnitaryKernel",674,2470255723177973,2470255747284000,0,0,128,1,1,1073741824,1,1
"KERNEL_DISPATCH",4,1,912435,675,34,"statevec_controlledNotKernel",675,2470255747284000,2470255766757014,0,0,128,1,1,2147483648,1,1
"KERNEL_DISPATCH",4,1,912435,676,34,"statevec_controlledNotKernel",676,2470255766756576,2470255783747612,0,0,128,1,1,2147483648,1,1
"KERNEL_DISPATCH",4,1,912435,677,30,"statevec_controlledCompactUnitaryKernel",677,2470255783747612,2470255807793597,0,0,128,1,1,1073741824,1,1
"KERNEL_DISPATCH",4,1,912435,678,34,"statevec_controlledNotKernel",678,2470255807793597,2470255824842284,0,0,128,1,1,2147483648,1,1
"KERNEL_DISPATCH",4,1,912435,679,34,"statevec_controlledNotKernel",679,2470255824842284,2470255840798457,0,0,128,1,1,2147483648,1,1
"KERNEL_DISPATCH",4,1,912435,680,30,"statevec_controlledCompactUnitaryKernel",680,2470255840800382,2470255865034648,0,0,128,1,1,1073741824,1,1
"KERNEL_DISPATCH",4,1,912435,681,34,"statevec_controlledNotKernel",681,2470255865034648,2470255881154931,0,0,128,1,1,2147483648,1,1
"KERNEL_DISPATCH",4,1,912435,682,34,"statevec_controlledNotKernel",682,2470255881154931,2470255902238269,0,0,128,1,1,2147483648,1,1
"KERNEL_DISPATCH",4,1,912435,683,30,"statevec_controlledCompactUnitaryKernel",683,2470255902238269,2470255926204935,0,0,128,1,1,1073741824,1,1
"KERNEL_DISPATCH",4,1,912435,684,34,"statevec_controlledNotKernel",684,2470255926204839,2470255948156299,0,0,128,1,1,2147483648,1,1
"KERNEL_DISPATCH",4,1,912435,685,34,"statevec_controlledNotKernel",685,2470255948156299,2470255965030784,0,0,128,1,1,2147483648,1,1
"KERNEL_DISPATCH",4,1,912435,686,30,"statevec_controlledCompactUnitaryKernel",686,2470255965030784,2470255989096090,0,0,128,1,1,1073741824,1,1
"KERNEL_DISPATCH",4,1,912435,687,34,"statevec_controlledNotKernel",687,2470255989096106,2470256038903172,0,0,128,1,1,2147483648,1,1
"KERNEL_DISPATCH",4,1,912435,688,34,"statevec_controlledNotKernel",688,2470256038903172,2470256055414506,0,0,128,1,1,2147483648,1,1
"KERNEL_DISPATCH",4,1,912435,689,30,"statevec_controlledCompactUnitaryKernel",689,2470256055416186,2470256079567572,0,0,128,1,1,1073741824,1,1
"KERNEL_DISPATCH",4,1,912435,690,34,"statevec_controlledNotKernel",690,2470256079567572,2470256095775317,0,0,128,1,1,2147483648,1,1
"KERNEL_DISPATCH",4,1,912435,691,34,"statevec_controlledNotKernel",691,2470256095777560,2470256112131725,0,0,128,1,1,2147483648,1,1
"KERNEL_DISPATCH",4,1,912435,692,30,"statevec_controlledCompactUnitaryKernel",692,2470256112133605,2470256136401551,0,0,128,1,1,1073741824,1,1
"KERNEL_DISPATCH",4,1,912435,693,34,"statevec_controlledNotKernel",693,2470256136401551,2470256153065716,0,0,128,1,1,2147483648,1,1
"KERNEL_DISPATCH",4,1,912435,694,34,"statevec_controlledNotKernel",694,2470256153067396,2470256169427481,0,0,128,1,1,2147483648,1,1
"KERNEL_DISPATCH",4,1,912435,695,30,"statevec_controlledCompactUnitaryKernel",695,2470256169429195,2470256193617981,0,0,128,1,1,1073741824,1,1
"KERNEL_DISPATCH",4,1,912435,696,34,"statevec_controlledNotKernel",696,2470256193617981,2470256209872435,0,0,128,1,1,2147483648,1,1
"KERNEL_DISPATCH",4,1,912435,697,34,"statevec_controlledNotKernel",697,2470256209874155,2470256226074159,0,0,128,1,1,2147483648,1,1
"KERNEL_DISPATCH",4,1,912435,698,30,"statevec_controlledCompactUnitaryKernel",698,2470256226075839,2470256250249466,0,0,128,1,1,1073741824,1,1
"KERNEL_DISPATCH",4,1,912435,699,34,"statevec_controlledNotKernel",699,2470256250249390,2470256266478674,0,0,128,1,1,2147483648,1,1
"KERNEL_DISPATCH",4,1,912435,700,34,"statevec_controlledNotKernel",700,2470256266480554,2470256282823768,0,0,128,1,1,2147483648,1,1
"KERNEL_DISPATCH",4,1,912435,701,30,"statevec_controlledCompactUnitaryKernel",701,2470256282825408,2470256306875554,0,0,128,1,1,1073741824,1,1
"KERNEL_DISPATCH",4,1,912435,702,34,"statevec_controlledNotKernel",702,2470256306875554,2470256322967198,0,0,128,1,1,2147483648,1,1
"KERNEL_DISPATCH",4,1,912435,703,34,"statevec_controlledNotKernel",703,2470256322969201,2470256339265126,0,0,128,1,1,2147483648,1,1
"KERNEL_DISPATCH",4,1,912435,704,30,"statevec_controlledCompactUnitaryKernel",704,2470256339265126,2470256363583672,0,0,128,1,1,1073741824,1,1
"KERNEL_DISPATCH",4,1,912435,705,34,"statevec_controlledNotKernel",705,2470256363583672,2470256380188558,0,0,128,1,1,2147483648,1,1
"KERNEL_DISPATCH",4,1,912435,706,34,"statevec_controlledNotKernel",706,2470256380188558,2470256396476003,0,0,128,1,1,2147483648,1,1
"KERNEL_DISPATCH",4,1,912435,707,30,"statevec_controlledCompactUnitaryKernel",707,2470256396477566,2470256420634352,0,0,128,1,1,1073741824,1,1
"KERNEL_DISPATCH",4,1,912435,708,34,"statevec_controlledNotKernel",708,2470256420634352,2470256436848096,0,0,128,1,1,2147483648,1,1
"KERNEL_DISPATCH",4,1,912435,709,45,"statevec_hadamardKernel",709,2470256436849816,2470256462728927,0,0,128,1,1,1073741824,1,1
"KERNEL_DISPATCH",4,1,912435,710,15,"statevec_findProbabilityOfZeroKernel",710,2470256463372409,2470256474162569,0,4096,512,1,1,1073741824,1,1
"KERNEL_DISPATCH",4,1,912435,711,17,"copySharedReduceBlock",711,2470256474341889,2470256474364089,0,4096,256,1,1,1048576,1,1
"KERNEL_DISPATCH",4,1,912435,712,17,"copySharedReduceBlock",712,2470256474394129,2470256474402489,0,4096,256,1,1,2048,1,1
"KERNEL_DISPATCH",4,1,912435,713,17,"copySharedReduceBlock",713,2470256474423809,2470256474429289,0,64,4,1,1,4,1,1
"KERNEL_DISPATCH",4,1,912435,714,15,"statevec_findProbabilityOfZeroKernel",714,2470256474960434,2470256485886713,0,4096,512,1,1,1073741824,1,1
"KERNEL_DISPATCH",4,1,912435,716,17,"copySharedReduceBlock",716,2470256485950753,2470256485958833,0,4096,256,1,1,2048,1,1
"KERNEL_DISPATCH",4,1,912435,715,17,"copySharedReduceBlock",715,2470256485909953,2470256485928473,0,4096,256,1,1,1048576,1,1
"KERNEL_DISPATCH",4,1,912435,717,17,"copySharedReduceBlock",717,2470256485978953,2470256485983913,0,64,4,1,1,4,1,1
